relative_drive_path,source_local_path,size_bytes,size_mb,sha256
01_project_metadata/colab_exported_model_accuracy_validation.csv,/content/Rock_Burial_RaspberryPi_Edge_Deployment_FINAL_OPTIMIZED/01_project_metadata/colab_exported_model_accuracy_validation.csv,973,0.0009279251098632812,d946efb08c0247185cb2495c59eabd3eff034d228158daa4a54208a41d0abddb
01_project_metadata/edge_deployment_pipeline.json,/content/Rock_Burial_RaspberryPi_Edge_Deployment_FINAL_OPTIMIZED/01_project_metadata/edge_deployment_pipeline.json,685,0.0006532669067382812,f2231aecdb45621e448c295109b3c05d818fba90bc19047110ed6cf28cd09b1e
01_project_metadata/edge_test_image_resolution_and_file_size_summary.csv,/content/Rock_Burial_RaspberryPi_Edge_Deployment_FINAL_OPTIMIZED/01_project_metadata/edge_test_image_resolution_and_file_size_summary.csv,264,0.00025177001953125,180da7409e696cbd467a9921bcf08db116ccd3e03c3d0a8dbb59819df24324ef
01_project_metadata/folder_structure.txt,/content/Rock_Burial_RaspberryPi_Edge_Deployment_FINAL_OPTIMIZED/01_project_metadata/folder_structure.txt,804,0.000766754150390625,e070f73a250ae480a78ce68caac5dd68b69477460a91d79fc7db5962415af9fd
01_project_metadata/selected_detector_and_edge_settings.json,/content/Rock_Burial_RaspberryPi_Edge_Deployment_FINAL_OPTIMIZED/01_project_metadata/selected_detector_and_edge_settings.json,1144,0.00109100341796875,3e32b85adb3475b8ea08da34ebab94af0e03d1053d1766d899dbc31bba45d680
02_selected_model/01_pytorch_fp32/01_yolov8n_PyTorch_FP32.pt,/content/Rock_Burial_RaspberryPi_Edge_Deployment_FINAL_OPTIMIZED/02_selected_model/01_pytorch_fp32/01_yolov8n_PyTorch_FP32.pt,6296746,6.005044937133789,b270581caadbcce46d5319b4565896221feac42acd61ab711c9f1994ec83af4e
02_selected_model/01_pytorch_fp32/MODEL_INFO.json,/content/Rock_Burial_RaspberryPi_Edge_Deployment_FINAL_OPTIMIZED/02_selected_model/01_pytorch_fp32/MODEL_INFO.json,739,0.0007047653198242188,6b1769cc0999fda6c55a3e2a5af475a99deca57cfa1177b3dca645e589ffb2ab
02_selected_model/02_onnx_fp32/02_yolov8n_ONNX_FP32.onnx,/content/Rock_Burial_RaspberryPi_Edge_Deployment_FINAL_OPTIMIZED/02_selected_model/02_onnx_fp32/02_yolov8n_ONNX_FP32.onnx,12266116,11.697879791259766,2e29973cd13bf01123418b4c927c9d19f48bcd747194846474d6194909d04bf7
02_selected_model/02_onnx_fp32/MODEL_INFO.json,/content/Rock_Burial_RaspberryPi_Edge_Deployment_FINAL_OPTIMIZED/02_selected_model/02_onnx_fp32/MODEL_INFO.json,723,0.0006895065307617188,920eda70399b1f3986e1d94a5435eb1ae5c27e4fd6a78bd3bde880435820cd09
02_selected_model/03_tflite_fp32/03_yolov8n_LiteRT_FP32.tflite,/content/Rock_Burial_RaspberryPi_Edge_Deployment_FINAL_OPTIMIZED/02_selected_model/03_tflite_fp32/03_yolov8n_LiteRT_FP32.tflite,12256985,11.68917179107666,28c383727b641e388fbb82370bed8690beafd963c341d5ed7c774fdc4e5539d7
02_selected_model/03_tflite_fp32/MODEL_INFO.json,/content/Rock_Burial_RaspberryPi_Edge_Deployment_FINAL_OPTIMIZED/02_selected_model/03_tflite_fp32/MODEL_INFO.json,751,0.0007162094116210938,134151d8b76b4376b3394bf0f1fe06826986c1a855cd5b35ca881fdd7dfc3608
02_selected_model/04_tflite_int8/04_yolov8n_LiteRT_INT8.tflite,/content/Rock_Burial_RaspberryPi_Edge_Deployment_FINAL_OPTIMIZED/02_selected_model/04_tflite_int8/04_yolov8n_LiteRT_INT8.tflite,3329171,3.1749448776245117,0f39a6bfd3637c5726f94b1381fb03ead85f8dbf60f046d10bf7edd5fe4404b1
02_selected_model/04_tflite_int8/MODEL_INFO.json,/content/Rock_Burial_RaspberryPi_Edge_Deployment_FINAL_OPTIMIZED/02_selected_model/04_tflite_int8/MODEL_INFO.json,751,0.0007162094116210938,7d0ab9dfc0c5878ec42d32b1e8126ae642bca1bec0ef48b3ec8d4ae557ecc80c
02_selected_model/05_ncnn_fp32/05_yolov8n_FP32_ncnn_model/__pycache__/model_pnnx.cpython-312.pyc,/content/Rock_Burial_RaspberryPi_Edge_Deployment_FINAL_OPTIMIZED/02_selected_model/05_ncnn_fp32/05_yolov8n_FP32_ncnn_model/__pycache__/model_pnnx.cpython-312.pyc,49866,0.04755592346191406,2d2e89a240501be204ffc3232bc4a12937fa0b4b5206d29009cc49a35afcaf13
02_selected_model/05_ncnn_fp32/05_yolov8n_FP32_ncnn_model/metadata.yaml,/content/Rock_Burial_RaspberryPi_Edge_Deployment_FINAL_OPTIMIZED/02_selected_model/05_ncnn_fp32/05_yolov8n_FP32_ncnn_model/metadata.yaml,490,0.0004673004150390625,1ae70f1a6a2a981a18083e5962241b6d0112dd1880cf1d2addceaa1fee75fde2
02_selected_model/05_ncnn_fp32/05_yolov8n_FP32_ncnn_model/model.ncnn.bin,/content/Rock_Burial_RaspberryPi_Edge_Deployment_FINAL_OPTIMIZED/02_selected_model/05_ncnn_fp32/05_yolov8n_FP32_ncnn_model/model.ncnn.bin,12125208,11.563499450683594,df653e6e0c487330233040f0a3a9db3ffd724074518a6e359ede63ab40b6316f
02_selected_model/05_ncnn_fp32/05_yolov8n_FP32_ncnn_model/model.ncnn.param,/content/Rock_Burial_RaspberryPi_Edge_Deployment_FINAL_OPTIMIZED/02_selected_model/05_ncnn_fp32/05_yolov8n_FP32_ncnn_model/model.ncnn.param,16553,0.015786170959472656,99e26620f1c39f5e4d8db8dbce5248db1d9af15d56b6b3df361544fac5a6987f
02_selected_model/05_ncnn_fp32/05_yolov8n_FP32_ncnn_model/model_ncnn.py,/content/Rock_Burial_RaspberryPi_Edge_Deployment_FINAL_OPTIMIZED/02_selected_model/05_ncnn_fp32/05_yolov8n_FP32_ncnn_model/model_ncnn.py,747,0.0007123947143554688,317acd3557ca2783ccd42cae01e226deb68d3fb897984ed5f2fc3784e752c484
02_selected_model/05_ncnn_fp32/MODEL_INFO.json,/content/Rock_Burial_RaspberryPi_Edge_Deployment_FINAL_OPTIMIZED/02_selected_model/05_ncnn_fp32/MODEL_INFO.json,726,0.0006923675537109375,7ee1895ae6824ae35bccfe495e6780a39965b863d76c98fb6df37d768e3d3a1e
02_selected_model/06_ncnn_fp16/06_yolov8n_FP16_ncnn_model/__pycache__/model_pnnx.cpython-312.pyc,/content/Rock_Burial_RaspberryPi_Edge_Deployment_FINAL_OPTIMIZED/02_selected_model/06_ncnn_fp16/06_yolov8n_FP16_ncnn_model/__pycache__/model_pnnx.cpython-312.pyc,49866,0.04755592346191406,8c9f10ea52b02c52fdab9e8c5c9c55db216fea2dc5fa8e2bd76a7e58c629f6d2
02_selected_model/06_ncnn_fp16/06_yolov8n_FP16_ncnn_model/metadata.yaml,/content/Rock_Burial_RaspberryPi_Edge_Deployment_FINAL_OPTIMIZED/02_selected_model/06_ncnn_fp16/06_yolov8n_FP16_ncnn_model/metadata.yaml,490,0.0004673004150390625,2c066e6c67d2b1a3955a73d88eae2c640659b0e269945ebc72ac1d90ffd1d4a4
02_selected_model/06_ncnn_fp16/06_yolov8n_FP16_ncnn_model/model.ncnn.bin,/content/Rock_Burial_RaspberryPi_Edge_Deployment_FINAL_OPTIMIZED/02_selected_model/06_ncnn_fp16/06_yolov8n_FP16_ncnn_model/model.ncnn.bin,6123928,5.840232849121094,40e7a3413cc926ff157e85a1482959a182416aad0676e20a09ba875fdf939310
02_selected_model/06_ncnn_fp16/06_yolov8n_FP16_ncnn_model/model.ncnn.param,/content/Rock_Burial_RaspberryPi_Edge_Deployment_FINAL_OPTIMIZED/02_selected_model/06_ncnn_fp16/06_yolov8n_FP16_ncnn_model/model.ncnn.param,16553,0.015786170959472656,99e26620f1c39f5e4d8db8dbce5248db1d9af15d56b6b3df361544fac5a6987f
02_selected_model/06_ncnn_fp16/06_yolov8n_FP16_ncnn_model/model_ncnn.py,/content/Rock_Burial_RaspberryPi_Edge_Deployment_FINAL_OPTIMIZED/02_selected_model/06_ncnn_fp16/06_yolov8n_FP16_ncnn_model/model_ncnn.py,747,0.0007123947143554688,317acd3557ca2783ccd42cae01e226deb68d3fb897984ed5f2fc3784e752c484
02_selected_model/06_ncnn_fp16/MODEL_INFO.json,/content/Rock_Burial_RaspberryPi_Edge_Deployment_FINAL_OPTIMIZED/02_selected_model/06_ncnn_fp16/MODEL_INFO.json,724,0.000690460205078125,c28ae6402ff321fc75b9430654ad125f79d373e04b268627a7fa12b84201f735
03_edge_test_dataset/02_preprocessed_640x640_90/images/EDGE_TEST_001_image_002_20794bef_640x640.jpg,/content/Rock_Burial_RaspberryPi_Edge_Deployment_FINAL_OPTIMIZED/03_edge_test_dataset/02_preprocessed_640x640_90/images/EDGE_TEST_001_image_002_20794bef_640x640.jpg,137881,0.13149356842041016,c105ff2b26e5ea06d78334cb269cad8014dbb6b3d4cdd8c1124c32a221dd732c
03_edge_test_dataset/02_preprocessed_640x640_90/images/EDGE_TEST_002_image_004_d61d9fff_640x640.jpg,/content/Rock_Burial_RaspberryPi_Edge_Deployment_FINAL_OPTIMIZED/03_edge_test_dataset/02_preprocessed_640x640_90/images/EDGE_TEST_002_image_004_d61d9fff_640x640.jpg,136428,0.13010787963867188,5e2f8b83eecc980af90722aa763d6a976270800b5684b9c9f17e36609996c062
03_edge_test_dataset/02_preprocessed_640x640_90/images/EDGE_TEST_003_image_008_dccce67e_640x640.jpg,/content/Rock_Burial_RaspberryPi_Edge_Deployment_FINAL_OPTIMIZED/03_edge_test_dataset/02_preprocessed_640x640_90/images/EDGE_TEST_003_image_008_dccce67e_640x640.jpg,154132,0.14699172973632812,185abbbe0fee494486e8bb73e2877756ffc83cd4f693c2bb22118365edac516a
03_edge_test_dataset/02_preprocessed_640x640_90/images/EDGE_TEST_004_image_014_451c0409_640x640.jpg,/content/Rock_Burial_RaspberryPi_Edge_Deployment_FINAL_OPTIMIZED/03_edge_test_dataset/02_preprocessed_640x640_90/images/EDGE_TEST_004_image_014_451c0409_640x640.jpg,143754,0.13709449768066406,21a9ea6b3103d53f051a7784806c88c60bf752bb5818cb3005b616cc6218f973
03_edge_test_dataset/02_preprocessed_640x640_90/images/EDGE_TEST_005_image_018_aec5c6c0_640x640.jpg,/content/Rock_Burial_RaspberryPi_Edge_Deployment_FINAL_OPTIMIZED/03_edge_test_dataset/02_preprocessed_640x640_90/images/EDGE_TEST_005_image_018_aec5c6c0_640x640.jpg,132148,0.12602615356445312,69cc3d5911fc7a520e382cefe31ad44eba50aa6d9f05d8b7ff853735ff899b33
03_edge_test_dataset/02_preprocessed_640x640_90/images/EDGE_TEST_006_image_021_f416e021_640x640.jpg,/content/Rock_Burial_RaspberryPi_Edge_Deployment_FINAL_OPTIMIZED/03_edge_test_dataset/02_preprocessed_640x640_90/images/EDGE_TEST_006_image_021_f416e021_640x640.jpg,127501,0.12159442901611328,cb19d900727dab2b7f8638f846621d66bd5b010345d4e8dc2d64ec64452981fa
03_edge_test_dataset/02_preprocessed_640x640_90/images/EDGE_TEST_007_image_024_9edd3cd5_640x640.jpg,/content/Rock_Burial_RaspberryPi_Edge_Deployment_FINAL_OPTIMIZED/03_edge_test_dataset/02_preprocessed_640x640_90/images/EDGE_TEST_007_image_024_9edd3cd5_640x640.jpg,115420,0.11007308959960938,ddd33a33ffbe79f295d31df3257e330cf01241b69514ea254d29965de10c81e7
03_edge_test_dataset/02_preprocessed_640x640_90/images/EDGE_TEST_008_image_035_d26df087_640x640.jpg,/content/Rock_Burial_RaspberryPi_Edge_Deployment_FINAL_OPTIMIZED/03_edge_test_dataset/02_preprocessed_640x640_90/images/EDGE_TEST_008_image_035_d26df087_640x640.jpg,113153,0.1079111099243164,721690d7ff804436614f41b4ab3b9720b907a899abff649881a52c8ee4c2cd1a
03_edge_test_dataset/02_preprocessed_640x640_90/images/EDGE_TEST_009_image_049_260ef98f_640x640.jpg,/content/Rock_Burial_RaspberryPi_Edge_Deployment_FINAL_OPTIMIZED/03_edge_test_dataset/02_preprocessed_640x640_90/images/EDGE_TEST_009_image_049_260ef98f_640x640.jpg,130469,0.12442493438720703,af919e9752b1b859b14e09c60091139159df66beb63bfd4cdde2479ac1b38da6
03_edge_test_dataset/02_preprocessed_640x640_90/images/EDGE_TEST_010_image_052_44122540_640x640.jpg,/content/Rock_Burial_RaspberryPi_Edge_Deployment_FINAL_OPTIMIZED/03_edge_test_dataset/02_preprocessed_640x640_90/images/EDGE_TEST_010_image_052_44122540_640x640.jpg,258783,0.2467947006225586,805c929a0d485bd9f1358243da96306d03a5b3ca30f31e2f5a4c681212c9f198
03_edge_test_dataset/02_preprocessed_640x640_90/images/EDGE_TEST_011_image_053_48518c21_640x640.jpg,/content/Rock_Burial_RaspberryPi_Edge_Deployment_FINAL_OPTIMIZED/03_edge_test_dataset/02_preprocessed_640x640_90/images/EDGE_TEST_011_image_053_48518c21_640x640.jpg,234200,0.22335052490234375,40993c262eff08c60374ff892ce9c558b789f96c34b0dad3516a04223ae084ec
03_edge_test_dataset/02_preprocessed_640x640_90/images/EDGE_TEST_012_image_054_abfc3115_640x640.jpg,/content/Rock_Burial_RaspberryPi_Edge_Deployment_FINAL_OPTIMIZED/03_edge_test_dataset/02_preprocessed_640x640_90/images/EDGE_TEST_012_image_054_abfc3115_640x640.jpg,275478,0.26271629333496094,25f1a4e4aec41cca4465f93909f3fddf6d1f28817f32723291d81516f567c7cb
03_edge_test_dataset/02_preprocessed_640x640_90/images/EDGE_TEST_013_image_057_5de4c210_640x640.jpg,/content/Rock_Burial_RaspberryPi_Edge_Deployment_FINAL_OPTIMIZED/03_edge_test_dataset/02_preprocessed_640x640_90/images/EDGE_TEST_013_image_057_5de4c210_640x640.jpg,230309,0.21963977813720703,2ece8146b263032a4d877e93f6b78f00f1b059fb5e7bc3f2c85f433dbc99e891
03_edge_test_dataset/02_preprocessed_640x640_90/images/EDGE_TEST_014_image_063_39cb7a62_640x640.jpg,/content/Rock_Burial_RaspberryPi_Edge_Deployment_FINAL_OPTIMIZED/03_edge_test_dataset/02_preprocessed_640x640_90/images/EDGE_TEST_014_image_063_39cb7a62_640x640.jpg,286776,0.27349090576171875,01fba05406aaa3f02df9c670d0327fdc8ab8ce7a1391f583ad5204fb7f4bdc8a
03_edge_test_dataset/02_preprocessed_640x640_90/images/EDGE_TEST_015_image_068_473a1c63_640x640.jpg,/content/Rock_Burial_RaspberryPi_Edge_Deployment_FINAL_OPTIMIZED/03_edge_test_dataset/02_preprocessed_640x640_90/images/EDGE_TEST_015_image_068_473a1c63_640x640.jpg,254780,0.24297714233398438,3ba0ac98c7cc9412819a7696ff5988fd2183cd5457a425a48309dae0d4e07cb1
03_edge_test_dataset/02_preprocessed_640x640_90/images/EDGE_TEST_016_image_076_0ed6e178_640x640.jpg,/content/Rock_Burial_RaspberryPi_Edge_Deployment_FINAL_OPTIMIZED/03_edge_test_dataset/02_preprocessed_640x640_90/images/EDGE_TEST_016_image_076_0ed6e178_640x640.jpg,263361,0.2511606216430664,364925cddf5fc77f865c69de48f87f56bce53f2afc77bb1c673277a165d70a53
03_edge_test_dataset/02_preprocessed_640x640_90/images/EDGE_TEST_017_image_077_0ea2da12_640x640.jpg,/content/Rock_Burial_RaspberryPi_Edge_Deployment_FINAL_OPTIMIZED/03_edge_test_dataset/02_preprocessed_640x640_90/images/EDGE_TEST_017_image_077_0ea2da12_640x640.jpg,233043,0.22224712371826172,503d6e958d04601847a5239e123e9d6a5b0920954298ec685ac8f15d8bdfc275
03_edge_test_dataset/02_preprocessed_640x640_90/images/EDGE_TEST_018_image_085_8809c5f8_640x640.jpg,/content/Rock_Burial_RaspberryPi_Edge_Deployment_FINAL_OPTIMIZED/03_edge_test_dataset/02_preprocessed_640x640_90/images/EDGE_TEST_018_image_085_8809c5f8_640x640.jpg,297529,0.28374576568603516,3746867e9d2d3b83466d257e08fba2b4e03710a309244fe0afff70f240f850b8
03_edge_test_dataset/02_preprocessed_640x640_90/images/EDGE_TEST_019_image_086_247ac7bc_640x640.jpg,/content/Rock_Burial_RaspberryPi_Edge_Deployment_FINAL_OPTIMIZED/03_edge_test_dataset/02_preprocessed_640x640_90/images/EDGE_TEST_019_image_086_247ac7bc_640x640.jpg,288630,0.27525901794433594,aacdd1716c8945df0d99ffbc977eb049219e287242453a6f30a37d6f481e2f44
03_edge_test_dataset/02_preprocessed_640x640_90/images/EDGE_TEST_020_image_088_393f5523_640x640.jpg,/content/Rock_Burial_RaspberryPi_Edge_Deployment_FINAL_OPTIMIZED/03_edge_test_dataset/02_preprocessed_640x640_90/images/EDGE_TEST_020_image_088_393f5523_640x640.jpg,301245,0.2872896194458008,53df4431122a2dc403c0d64f0b4a588dca06ed3178bbf58eaefad7f5920b1eec
03_edge_test_dataset/02_preprocessed_640x640_90/images/EDGE_TEST_021_image_093_1b3ac379_640x640.jpg,/content/Rock_Burial_RaspberryPi_Edge_Deployment_FINAL_OPTIMIZED/03_edge_test_dataset/02_preprocessed_640x640_90/images/EDGE_TEST_021_image_093_1b3ac379_640x640.jpg,286227,0.2729673385620117,4e9e4a840a57a8cf72cce3ccbc8da01e457e5363213561afcc7c734d53ea6d35
03_edge_test_dataset/02_preprocessed_640x640_90/images/EDGE_TEST_022_image_094_b2a4a867_640x640.jpg,/content/Rock_Burial_RaspberryPi_Edge_Deployment_FINAL_OPTIMIZED/03_edge_test_dataset/02_preprocessed_640x640_90/images/EDGE_TEST_022_image_094_b2a4a867_640x640.jpg,271621,0.25903797149658203,1888d9123eea144537c26c5b21cb08608992e605ae4066a9d219894a253b1818
03_edge_test_dataset/02_preprocessed_640x640_90/images/EDGE_TEST_023_image_096_b8cf692b_640x640.jpg,/content/Rock_Burial_RaspberryPi_Edge_Deployment_FINAL_OPTIMIZED/03_edge_test_dataset/02_preprocessed_640x640_90/images/EDGE_TEST_023_image_096_b8cf692b_640x640.jpg,274874,0.26214027404785156,10015aed2f5b126d5b988e67f7b5c139962f0deda33f4497099580016ec6d94a
03_edge_test_dataset/02_preprocessed_640x640_90/images/EDGE_TEST_024_image_104_208f797f_640x640.jpg,/content/Rock_Burial_RaspberryPi_Edge_Deployment_FINAL_OPTIMIZED/03_edge_test_dataset/02_preprocessed_640x640_90/images/EDGE_TEST_024_image_104_208f797f_640x640.jpg,287560,0.27423858642578125,90d93bb3b143d685c47f1ff4dc262f816ff720eda7621c867cfef33cccb5452f
03_edge_test_dataset/02_preprocessed_640x640_90/images/EDGE_TEST_025_image_107_dc60bc59_640x640.jpg,/content/Rock_Burial_RaspberryPi_Edge_Deployment_FINAL_OPTIMIZED/03_edge_test_dataset/02_preprocessed_640x640_90/images/EDGE_TEST_025_image_107_dc60bc59_640x640.jpg,290554,0.27709388732910156,a359754471113e51193394ab236dc2b68ddf107b54295264cc97ede2c45e6bbc
03_edge_test_dataset/02_preprocessed_640x640_90/images/EDGE_TEST_026_image_108_bce27ae2_640x640.jpg,/content/Rock_Burial_RaspberryPi_Edge_Deployment_FINAL_OPTIMIZED/03_edge_test_dataset/02_preprocessed_640x640_90/images/EDGE_TEST_026_image_108_bce27ae2_640x640.jpg,271840,0.259246826171875,0edaa287a494cf152a1bb2ccd50836fccf9a49d2810a45470088a66fbda73567
03_edge_test_dataset/02_preprocessed_640x640_90/images/EDGE_TEST_027_image_111_62d4323c_640x640.jpg,/content/Rock_Burial_RaspberryPi_Edge_Deployment_FINAL_OPTIMIZED/03_edge_test_dataset/02_preprocessed_640x640_90/images/EDGE_TEST_027_image_111_62d4323c_640x640.jpg,279604,0.2666511535644531,b67ffeaa05aae316d49b8d633e1b025b2aecf89011391baede6b2eeebe8f9d5f
03_edge_test_dataset/02_preprocessed_640x640_90/images/EDGE_TEST_028_image_116_98db83fc_640x640.jpg,/content/Rock_Burial_RaspberryPi_Edge_Deployment_FINAL_OPTIMIZED/03_edge_test_dataset/02_preprocessed_640x640_90/images/EDGE_TEST_028_image_116_98db83fc_640x640.jpg,283117,0.2700014114379883,5c4584f931f37a2c23228f4bfe3940bf74fabafea49a4ca77ea6fd0b15d1c04f
03_edge_test_dataset/02_preprocessed_640x640_90/images/EDGE_TEST_029_image_127_6c0965ef_640x640.jpg,/content/Rock_Burial_RaspberryPi_Edge_Deployment_FINAL_OPTIMIZED/03_edge_test_dataset/02_preprocessed_640x640_90/images/EDGE_TEST_029_image_127_6c0965ef_640x640.jpg,308449,0.2941598892211914,91daeac4a5c63e7fe9cdd42d489dfd6200c1af955acb332370b4afa39ad6e12f
03_edge_test_dataset/02_preprocessed_640x640_90/images/EDGE_TEST_030_image_136_81dc6b0a_640x640.jpg,/content/Rock_Burial_RaspberryPi_Edge_Deployment_FINAL_OPTIMIZED/03_edge_test_dataset/02_preprocessed_640x640_90/images/EDGE_TEST_030_image_136_81dc6b0a_640x640.jpg,303823,0.2897481918334961,739307b828c6df1b8d748c5a23afff78ed47cf30714cfe76d67c164e8a803be7
03_edge_test_dataset/02_preprocessed_640x640_90/images/EDGE_TEST_031_image_140_2b0d436f_640x640.jpg,/content/Rock_Burial_RaspberryPi_Edge_Deployment_FINAL_OPTIMIZED/03_edge_test_dataset/02_preprocessed_640x640_90/images/EDGE_TEST_031_image_140_2b0d436f_640x640.jpg,311992,0.29753875732421875,fb66fff39d33440067db58f851254d0fdc0ccb282ec0457fc60c8075fe9901ce
03_edge_test_dataset/02_preprocessed_640x640_90/images/EDGE_TEST_032_image_153_8f06f1d3_640x640.jpg,/content/Rock_Burial_RaspberryPi_Edge_Deployment_FINAL_OPTIMIZED/03_edge_test_dataset/02_preprocessed_640x640_90/images/EDGE_TEST_032_image_153_8f06f1d3_640x640.jpg,200323,0.19104290008544922,c67cec2be4d59c40433088e69bed2791cc5ccd24afe6947699c14a21c3a3bf47
03_edge_test_dataset/02_preprocessed_640x640_90/images/EDGE_TEST_033_image_154_ff284326_640x640.jpg,/content/Rock_Burial_RaspberryPi_Edge_Deployment_FINAL_OPTIMIZED/03_edge_test_dataset/02_preprocessed_640x640_90/images/EDGE_TEST_033_image_154_ff284326_640x640.jpg,171692,0.16373825073242188,4bd23888065c585e8c9c7e58b23a1d68812b28629f76b4253914cad801e0f112
03_edge_test_dataset/02_preprocessed_640x640_90/images/EDGE_TEST_034_image_160_0ae40e39_640x640.jpg,/content/Rock_Burial_RaspberryPi_Edge_Deployment_FINAL_OPTIMIZED/03_edge_test_dataset/02_preprocessed_640x640_90/images/EDGE_TEST_034_image_160_0ae40e39_640x640.jpg,208268,0.19861984252929688,fe13e586ab9e34a7b392b6e7a88678d699614b02897c610f80a188563fcc2ecd
03_edge_test_dataset/02_preprocessed_640x640_90/images/EDGE_TEST_035_image_178_d25d9cdd_640x640.jpg,/content/Rock_Burial_RaspberryPi_Edge_Deployment_FINAL_OPTIMIZED/03_edge_test_dataset/02_preprocessed_640x640_90/images/EDGE_TEST_035_image_178_d25d9cdd_640x640.jpg,271826,0.2592334747314453,1faf39da6a55754b8e95b424f7bf1f4b2bb098d3e57ef6965f43e467fb2d9195
03_edge_test_dataset/02_preprocessed_640x640_90/images/EDGE_TEST_036_image_182_99386deb_640x640.jpg,/content/Rock_Burial_RaspberryPi_Edge_Deployment_FINAL_OPTIMIZED/03_edge_test_dataset/02_preprocessed_640x640_90/images/EDGE_TEST_036_image_182_99386deb_640x640.jpg,260157,0.24810504913330078,153a690b0c5d4922960eff671e7b91397105c98b6ac26a0d83a3ee2aebc7d6a2
03_edge_test_dataset/02_preprocessed_640x640_90/images/EDGE_TEST_037_image_192_2696fddd_640x640.jpg,/content/Rock_Burial_RaspberryPi_Edge_Deployment_FINAL_OPTIMIZED/03_edge_test_dataset/02_preprocessed_640x640_90/images/EDGE_TEST_037_image_192_2696fddd_640x640.jpg,269160,0.25669097900390625,4fd378ee275f1eebb31989c7fd0f67fb0d5d0ea17af11365870e4cf58688b948
03_edge_test_dataset/02_preprocessed_640x640_90/images/EDGE_TEST_038_image_201_0ce21bba_640x640.jpg,/content/Rock_Burial_RaspberryPi_Edge_Deployment_FINAL_OPTIMIZED/03_edge_test_dataset/02_preprocessed_640x640_90/images/EDGE_TEST_038_image_201_0ce21bba_640x640.jpg,325041,0.3099832534790039,dfac0ca5b3ca45663bceebbeb5b5b4615b1120b5590ef3be4986f511131fa609
03_edge_test_dataset/02_preprocessed_640x640_90/images/EDGE_TEST_039_image_205_52ce8cfe_640x640.jpg,/content/Rock_Burial_RaspberryPi_Edge_Deployment_FINAL_OPTIMIZED/03_edge_test_dataset/02_preprocessed_640x640_90/images/EDGE_TEST_039_image_205_52ce8cfe_640x640.jpg,284192,0.271026611328125,eb822b827806c2692bf6748e1fa8d288c3d9ace3fcc95f623ae56a3394e0da32
03_edge_test_dataset/02_preprocessed_640x640_90/images/EDGE_TEST_040_image_208_481aceaa_640x640.jpg,/content/Rock_Burial_RaspberryPi_Edge_Deployment_FINAL_OPTIMIZED/03_edge_test_dataset/02_preprocessed_640x640_90/images/EDGE_TEST_040_image_208_481aceaa_640x640.jpg,319758,0.3049449920654297,329de183643c493c73361ef5742f380f5303e29c5a64b71b408005c5dacc6a23
03_edge_test_dataset/02_preprocessed_640x640_90/images/EDGE_TEST_041_image_211_7d7a573b_640x640.jpg,/content/Rock_Burial_RaspberryPi_Edge_Deployment_FINAL_OPTIMIZED/03_edge_test_dataset/02_preprocessed_640x640_90/images/EDGE_TEST_041_image_211_7d7a573b_640x640.jpg,264054,0.25182151794433594,d62ed1dd16466d9709a10bfc6c17afef077fa45f0bba81c97d2aeb26c320e081
03_edge_test_dataset/02_preprocessed_640x640_90/images/EDGE_TEST_042_image_215_b678f49d_640x640.jpg,/content/Rock_Burial_RaspberryPi_Edge_Deployment_FINAL_OPTIMIZED/03_edge_test_dataset/02_preprocessed_640x640_90/images/EDGE_TEST_042_image_215_b678f49d_640x640.jpg,230476,0.21979904174804688,cbbc4fc00cb9ff248aa7919927874b28fccf00e50abc2136a9efec727a8853e2
03_edge_test_dataset/02_preprocessed_640x640_90/images/EDGE_TEST_043_image_217_ab899f54_640x640.jpg,/content/Rock_Burial_RaspberryPi_Edge_Deployment_FINAL_OPTIMIZED/03_edge_test_dataset/02_preprocessed_640x640_90/images/EDGE_TEST_043_image_217_ab899f54_640x640.jpg,261273,0.24916934967041016,36ba4e3af88988e6f6d9f4b03687e9961e4fbafc58e3baaaa579f83c1cc27ff3
03_edge_test_dataset/02_preprocessed_640x640_90/images/EDGE_TEST_044_image_229_f1a0f195_640x640.jpg,/content/Rock_Burial_RaspberryPi_Edge_Deployment_FINAL_OPTIMIZED/03_edge_test_dataset/02_preprocessed_640x640_90/images/EDGE_TEST_044_image_229_f1a0f195_640x640.jpg,217129,0.20707035064697266,8e337a207a30e7ef0f4e7b748d91f350a0dffabd32fd9cde91cc1fac19dd2995
03_edge_test_dataset/02_preprocessed_640x640_90/images/EDGE_TEST_045_image_232_a1e3a59e_640x640.jpg,/content/Rock_Burial_RaspberryPi_Edge_Deployment_FINAL_OPTIMIZED/03_edge_test_dataset/02_preprocessed_640x640_90/images/EDGE_TEST_045_image_232_a1e3a59e_640x640.jpg,270809,0.25826358795166016,64a0522e0c06bc49f1fff4f8d2b49585e83fe79ea0f83ad42b61b58dc040971d
03_edge_test_dataset/02_preprocessed_640x640_90/images/EDGE_TEST_046_image_237_e44dc169_640x640.jpg,/content/Rock_Burial_RaspberryPi_Edge_Deployment_FINAL_OPTIMIZED/03_edge_test_dataset/02_preprocessed_640x640_90/images/EDGE_TEST_046_image_237_e44dc169_640x640.jpg,266795,0.25443553924560547,986d9b0d41685f718fae8a7813790d8823f8f7d69e915133c1d2c071389989d3
03_edge_test_dataset/02_preprocessed_640x640_90/images/EDGE_TEST_047_image_238_7a65cb1b_640x640.jpg,/content/Rock_Burial_RaspberryPi_Edge_Deployment_FINAL_OPTIMIZED/03_edge_test_dataset/02_preprocessed_640x640_90/images/EDGE_TEST_047_image_238_7a65cb1b_640x640.jpg,256409,0.24453067779541016,aa5e07a956ca19c421cdbbc308bf05e18f8ca4b0f8f981b47646635cd0b66356
03_edge_test_dataset/02_preprocessed_640x640_90/images/EDGE_TEST_048_image_240_eda3f6bf_640x640.jpg,/content/Rock_Burial_RaspberryPi_Edge_Deployment_FINAL_OPTIMIZED/03_edge_test_dataset/02_preprocessed_640x640_90/images/EDGE_TEST_048_image_240_eda3f6bf_640x640.jpg,324100,0.3090858459472656,4434c78b5b6052c9286f79c2690178c56b4e8335b106c44885c0b76669ad63b7
03_edge_test_dataset/02_preprocessed_640x640_90/images/EDGE_TEST_049_image_244_c6f44af1_640x640.jpg,/content/Rock_Burial_RaspberryPi_Edge_Deployment_FINAL_OPTIMIZED/03_edge_test_dataset/02_preprocessed_640x640_90/images/EDGE_TEST_049_image_244_c6f44af1_640x640.jpg,240585,0.22943973541259766,b2cd2d4c49a6e2ea237c00632ee7f66028e216e86334961bbbe017514e8bbb62
03_edge_test_dataset/02_preprocessed_640x640_90/images/EDGE_TEST_050_image_250_b3185ceb_640x640.jpg,/content/Rock_Burial_RaspberryPi_Edge_Deployment_FINAL_OPTIMIZED/03_edge_test_dataset/02_preprocessed_640x640_90/images/EDGE_TEST_050_image_250_b3185ceb_640x640.jpg,321735,0.30683040618896484,d7c4c0cd0fcd52a9c3d62ca94a59fdef90e2612b465f9c9e1db8a846cfffeb4b
03_edge_test_dataset/02_preprocessed_640x640_90/images/EDGE_TEST_051_image_251_f5ef7a28_640x640.jpg,/content/Rock_Burial_RaspberryPi_Edge_Deployment_FINAL_OPTIMIZED/03_edge_test_dataset/02_preprocessed_640x640_90/images/EDGE_TEST_051_image_251_f5ef7a28_640x640.jpg,324358,0.30933189392089844,5b85d6b731f40e0c1052e09ec0d4271807a4e96f8d9a32c9913afe0ee428ec81
03_edge_test_dataset/02_preprocessed_640x640_90/images/EDGE_TEST_052_image_257_c962764c_640x640.jpg,/content/Rock_Burial_RaspberryPi_Edge_Deployment_FINAL_OPTIMIZED/03_edge_test_dataset/02_preprocessed_640x640_90/images/EDGE_TEST_052_image_257_c962764c_640x640.jpg,275273,0.26252079010009766,3e94a793043d7af3eafc11023ac5c3850be6fb638649e3dd039c6b365ef95034
03_edge_test_dataset/02_preprocessed_640x640_90/images/EDGE_TEST_053_image_260_79b29dc9_640x640.jpg,/content/Rock_Burial_RaspberryPi_Edge_Deployment_FINAL_OPTIMIZED/03_edge_test_dataset/02_preprocessed_640x640_90/images/EDGE_TEST_053_image_260_79b29dc9_640x640.jpg,242935,0.23168087005615234,dc61d2ad9b300f13e44a6bfa252da81f1ce6e99934d4af0f2e71b3e5ba4852c6
03_edge_test_dataset/02_preprocessed_640x640_90/images/EDGE_TEST_054_image_265_316068e6_640x640.jpg,/content/Rock_Burial_RaspberryPi_Edge_Deployment_FINAL_OPTIMIZED/03_edge_test_dataset/02_preprocessed_640x640_90/images/EDGE_TEST_054_image_265_316068e6_640x640.jpg,278895,0.2659749984741211,f6dd9312884208ddbab36e374c8e7cf3eba8a366515ab62786f0eb48095598f8
03_edge_test_dataset/02_preprocessed_640x640_90/images/EDGE_TEST_055_image_266_8fe0514d_640x640.jpg,/content/Rock_Burial_RaspberryPi_Edge_Deployment_FINAL_OPTIMIZED/03_edge_test_dataset/02_preprocessed_640x640_90/images/EDGE_TEST_055_image_266_8fe0514d_640x640.jpg,296024,0.28231048583984375,8e3a31170f27a25aa08151ed96ccba9968c591e95b12880b9c42a555dfd4c3d1
03_edge_test_dataset/02_preprocessed_640x640_90/images/EDGE_TEST_056_image_267_a1efb1c7_640x640.jpg,/content/Rock_Burial_RaspberryPi_Edge_Deployment_FINAL_OPTIMIZED/03_edge_test_dataset/02_preprocessed_640x640_90/images/EDGE_TEST_056_image_267_a1efb1c7_640x640.jpg,280422,0.26743125915527344,4afe50ebb8eacdc813acfefc97536e1790166c766389928bc6e2dafb6fc25703
03_edge_test_dataset/02_preprocessed_640x640_90/images/EDGE_TEST_057_image_268_6b17791e_640x640.jpg,/content/Rock_Burial_RaspberryPi_Edge_Deployment_FINAL_OPTIMIZED/03_edge_test_dataset/02_preprocessed_640x640_90/images/EDGE_TEST_057_image_268_6b17791e_640x640.jpg,266983,0.25461483001708984,211b31a9a2260cb79beecf39409c495e098cc44326d0d6c7226c39a7a71bdcac
03_edge_test_dataset/02_preprocessed_640x640_90/images/EDGE_TEST_058_image_275_22d7eca3_640x640.jpg,/content/Rock_Burial_RaspberryPi_Edge_Deployment_FINAL_OPTIMIZED/03_edge_test_dataset/02_preprocessed_640x640_90/images/EDGE_TEST_058_image_275_22d7eca3_640x640.jpg,250934,0.23930931091308594,d841cf3178e581dc857a73faee407cb75107c3c8fa70ceca0e5a7526c6437a3c
03_edge_test_dataset/02_preprocessed_640x640_90/images/EDGE_TEST_059_image_276_5dff9e22_640x640.jpg,/content/Rock_Burial_RaspberryPi_Edge_Deployment_FINAL_OPTIMIZED/03_edge_test_dataset/02_preprocessed_640x640_90/images/EDGE_TEST_059_image_276_5dff9e22_640x640.jpg,271653,0.25906848907470703,9acefdc2e32e8418f5258a2ad649d36bfeb9d70e6012fac5d10b4afc14763e2c
03_edge_test_dataset/02_preprocessed_640x640_90/images/EDGE_TEST_060_image_278_ea766e04_640x640.jpg,/content/Rock_Burial_RaspberryPi_Edge_Deployment_FINAL_OPTIMIZED/03_edge_test_dataset/02_preprocessed_640x640_90/images/EDGE_TEST_060_image_278_ea766e04_640x640.jpg,293703,0.28009700775146484,d4d82de9e95fb4545de395d867d003302f2bc6bc5c53d18ee2dda0fea0bc1d45
03_edge_test_dataset/02_preprocessed_640x640_90/images/EDGE_TEST_061_image_286_378ac4c3_640x640.jpg,/content/Rock_Burial_RaspberryPi_Edge_Deployment_FINAL_OPTIMIZED/03_edge_test_dataset/02_preprocessed_640x640_90/images/EDGE_TEST_061_image_286_378ac4c3_640x640.jpg,247393,0.2359323501586914,60ea5ba6ec2aeca5134c5048982667eaa9160e341a0cd35fa5377cf4fef64097
03_edge_test_dataset/02_preprocessed_640x640_90/images/EDGE_TEST_062_image_301_ca83e5df_640x640.jpg,/content/Rock_Burial_RaspberryPi_Edge_Deployment_FINAL_OPTIMIZED/03_edge_test_dataset/02_preprocessed_640x640_90/images/EDGE_TEST_062_image_301_ca83e5df_640x640.jpg,291508,0.2780036926269531,6c94c5e3581ac33a3e671cad453a4650bf4020ca826e96fa41572ae1e76a024b
03_edge_test_dataset/02_preprocessed_640x640_90/images/EDGE_TEST_063_image_303_fc13dbc0_640x640.jpg,/content/Rock_Burial_RaspberryPi_Edge_Deployment_FINAL_OPTIMIZED/03_edge_test_dataset/02_preprocessed_640x640_90/images/EDGE_TEST_063_image_303_fc13dbc0_640x640.jpg,271841,0.2592477798461914,8d0568374ba5360938ff8bd8fb9e5ebcfcb1ac973cd031813896c84577d44f3e
03_edge_test_dataset/02_preprocessed_640x640_90/images/EDGE_TEST_064_image_305_ca60e725_640x640.jpg,/content/Rock_Burial_RaspberryPi_Edge_Deployment_FINAL_OPTIMIZED/03_edge_test_dataset/02_preprocessed_640x640_90/images/EDGE_TEST_064_image_305_ca60e725_640x640.jpg,286586,0.27330970764160156,3bc0fc0468821a30270ad8eb81cb7dee7efe782a04353abca6c7457575ca9e12
03_edge_test_dataset/02_preprocessed_640x640_90/images/EDGE_TEST_065_image_310_e7f041f0_640x640.jpg,/content/Rock_Burial_RaspberryPi_Edge_Deployment_FINAL_OPTIMIZED/03_edge_test_dataset/02_preprocessed_640x640_90/images/EDGE_TEST_065_image_310_e7f041f0_640x640.jpg,274361,0.26165103912353516,192459a58a606fdd6b3f02977e73b6e78583054dbab356d2bbc509699a6fda58
03_edge_test_dataset/02_preprocessed_640x640_90/images/EDGE_TEST_066_image_327_85f28ced_640x640.jpg,/content/Rock_Burial_RaspberryPi_Edge_Deployment_FINAL_OPTIMIZED/03_edge_test_dataset/02_preprocessed_640x640_90/images/EDGE_TEST_066_image_327_85f28ced_640x640.jpg,279404,0.2664604187011719,1983854d2c0a77a3a28327d7531602e53e21740882cc351569dcd33188979443
03_edge_test_dataset/02_preprocessed_640x640_90/images/EDGE_TEST_067_image_329_6b7e42c3_640x640.jpg,/content/Rock_Burial_RaspberryPi_Edge_Deployment_FINAL_OPTIMIZED/03_edge_test_dataset/02_preprocessed_640x640_90/images/EDGE_TEST_067_image_329_6b7e42c3_640x640.jpg,274020,0.2613258361816406,393229484d22c987ff4de21f2a18c870702e4dc9aef9f2f4f8d57b3f12e31eee
03_edge_test_dataset/02_preprocessed_640x640_90/images/EDGE_TEST_068_image_335_423c4bb2_640x640.jpg,/content/Rock_Burial_RaspberryPi_Edge_Deployment_FINAL_OPTIMIZED/03_edge_test_dataset/02_preprocessed_640x640_90/images/EDGE_TEST_068_image_335_423c4bb2_640x640.jpg,284844,0.2716484069824219,36a1f1fe0c5a6420cc7aa5fe003c3463478b15bdc78af9947ce789aead144be5
03_edge_test_dataset/02_preprocessed_640x640_90/images/EDGE_TEST_069_image_339_5ef5959a_640x640.jpg,/content/Rock_Burial_RaspberryPi_Edge_Deployment_FINAL_OPTIMIZED/03_edge_test_dataset/02_preprocessed_640x640_90/images/EDGE_TEST_069_image_339_5ef5959a_640x640.jpg,272104,0.25949859619140625,9064e3f68369648e81e9b7891a902e51a5662b43b70922199387873be44fe764
03_edge_test_dataset/02_preprocessed_640x640_90/images/EDGE_TEST_070_image_341_5ea77c2b_640x640.jpg,/content/Rock_Burial_RaspberryPi_Edge_Deployment_FINAL_OPTIMIZED/03_edge_test_dataset/02_preprocessed_640x640_90/images/EDGE_TEST_070_image_341_5ea77c2b_640x640.jpg,290627,0.2771635055541992,9b94077f2534c47eb6af0801fefdcba2d0e343a5b3521c724d92e26cccf475e0
03_edge_test_dataset/02_preprocessed_640x640_90/images/EDGE_TEST_071_image_356_464376c2_640x640.jpg,/content/Rock_Burial_RaspberryPi_Edge_Deployment_FINAL_OPTIMIZED/03_edge_test_dataset/02_preprocessed_640x640_90/images/EDGE_TEST_071_image_356_464376c2_640x640.jpg,283410,0.2702808380126953,d10d750b14c5c52c3c50af73284c69c8cc96a2056f7a97471470f2e53c169fe0
03_edge_test_dataset/02_preprocessed_640x640_90/images/EDGE_TEST_072_image_364_81272161_640x640.jpg,/content/Rock_Burial_RaspberryPi_Edge_Deployment_FINAL_OPTIMIZED/03_edge_test_dataset/02_preprocessed_640x640_90/images/EDGE_TEST_072_image_364_81272161_640x640.jpg,281195,0.26816844940185547,941dec44596a276a93ddcd74e15c53936179bc8ff027b40742311af55c84adfa
03_edge_test_dataset/02_preprocessed_640x640_90/images/EDGE_TEST_073_image_367_ebadfd09_640x640.jpg,/content/Rock_Burial_RaspberryPi_Edge_Deployment_FINAL_OPTIMIZED/03_edge_test_dataset/02_preprocessed_640x640_90/images/EDGE_TEST_073_image_367_ebadfd09_640x640.jpg,286640,0.2733612060546875,cebd1fb9a6d9f4d559830a3584f453d7a1cd9bc3d185543b41f8739d2595082a
03_edge_test_dataset/02_preprocessed_640x640_90/images/EDGE_TEST_074_image_370_9d9f521d_640x640.jpg,/content/Rock_Burial_RaspberryPi_Edge_Deployment_FINAL_OPTIMIZED/03_edge_test_dataset/02_preprocessed_640x640_90/images/EDGE_TEST_074_image_370_9d9f521d_640x640.jpg,271222,0.25865745544433594,3f222e1c46b49bc3af8b6da51992b19873ae8fa8f3e14fc3c3377adfebbe8c21
03_edge_test_dataset/02_preprocessed_640x640_90/images/EDGE_TEST_075_image_373_d51a1f7a_640x640.jpg,/content/Rock_Burial_RaspberryPi_Edge_Deployment_FINAL_OPTIMIZED/03_edge_test_dataset/02_preprocessed_640x640_90/images/EDGE_TEST_075_image_373_d51a1f7a_640x640.jpg,274158,0.2614574432373047,ae3bb760d44f7bb6c7d687c03f46c91dab1110d289e5857df6f4a73ec0af40b2
03_edge_test_dataset/02_preprocessed_640x640_90/images/EDGE_TEST_076_image_374_18709287_640x640.jpg,/content/Rock_Burial_RaspberryPi_Edge_Deployment_FINAL_OPTIMIZED/03_edge_test_dataset/02_preprocessed_640x640_90/images/EDGE_TEST_076_image_374_18709287_640x640.jpg,288561,0.2751932144165039,1bff8327b3e739e69ad227d34067e9cd37e5a8eea1bd5cf44d29498d45880b9e
03_edge_test_dataset/02_preprocessed_640x640_90/images/EDGE_TEST_077_image_378_f4d007ae_640x640.jpg,/content/Rock_Burial_RaspberryPi_Edge_Deployment_FINAL_OPTIMIZED/03_edge_test_dataset/02_preprocessed_640x640_90/images/EDGE_TEST_077_image_378_f4d007ae_640x640.jpg,297813,0.28401660919189453,dd4ce9c396d68a63b5282e4e2f69339a0dcfd75fef6a53dd951e9885c86af076
03_edge_test_dataset/02_preprocessed_640x640_90/images/EDGE_TEST_078_image_385_3f7bae0d_640x640.jpg,/content/Rock_Burial_RaspberryPi_Edge_Deployment_FINAL_OPTIMIZED/03_edge_test_dataset/02_preprocessed_640x640_90/images/EDGE_TEST_078_image_385_3f7bae0d_640x640.jpg,281750,0.26869773864746094,7c39d01f198cc1944eeb69e6f6d21bd9e11459944342896e90c9d5a9eca63ec7
03_edge_test_dataset/02_preprocessed_640x640_90/images/EDGE_TEST_079_image_397_49ad5cf8_640x640.jpg,/content/Rock_Burial_RaspberryPi_Edge_Deployment_FINAL_OPTIMIZED/03_edge_test_dataset/02_preprocessed_640x640_90/images/EDGE_TEST_079_image_397_49ad5cf8_640x640.jpg,291214,0.2777233123779297,9e1d5ef6320835199b7869f198cb7d9ffcee018ed49d20c2daeb46410d9bda69
03_edge_test_dataset/02_preprocessed_640x640_90/images/EDGE_TEST_080_image_399_584fa2c4_640x640.jpg,/content/Rock_Burial_RaspberryPi_Edge_Deployment_FINAL_OPTIMIZED/03_edge_test_dataset/02_preprocessed_640x640_90/images/EDGE_TEST_080_image_399_584fa2c4_640x640.jpg,292208,0.2786712646484375,90bf1256e4e1eaf47740f33242c51287d0bf1520f291e6f4ed6ee28d78c1a5a7
03_edge_test_dataset/02_preprocessed_640x640_90/images/EDGE_TEST_081_image_401_533e18ca_640x640.jpg,/content/Rock_Burial_RaspberryPi_Edge_Deployment_FINAL_OPTIMIZED/03_edge_test_dataset/02_preprocessed_640x640_90/images/EDGE_TEST_081_image_401_533e18ca_640x640.jpg,312543,0.2980642318725586,93111e4ca581dec56b24ed8785df0177fba9ca7da085d6ce5e405b92c5d77c1d
03_edge_test_dataset/02_preprocessed_640x640_90/images/EDGE_TEST_082_image_410_8eed7e1c_640x640.jpg,/content/Rock_Burial_RaspberryPi_Edge_Deployment_FINAL_OPTIMIZED/03_edge_test_dataset/02_preprocessed_640x640_90/images/EDGE_TEST_082_image_410_8eed7e1c_640x640.jpg,314810,0.30022621154785156,73c723ae6bfa00c227dec14f278f3ae02f957b1dc8f0e10bd105b1e5ab36ab2e
03_edge_test_dataset/02_preprocessed_640x640_90/images/EDGE_TEST_083_image_416_82eb3ebe_640x640.jpg,/content/Rock_Burial_RaspberryPi_Edge_Deployment_FINAL_OPTIMIZED/03_edge_test_dataset/02_preprocessed_640x640_90/images/EDGE_TEST_083_image_416_82eb3ebe_640x640.jpg,291891,0.2783689498901367,39dafe4dfae40d55a74c349220a4783fdd8dd1847917d3a4544571723865647a
03_edge_test_dataset/02_preprocessed_640x640_90/images/EDGE_TEST_084_image_417_ae3ad87d_640x640.jpg,/content/Rock_Burial_RaspberryPi_Edge_Deployment_FINAL_OPTIMIZED/03_edge_test_dataset/02_preprocessed_640x640_90/images/EDGE_TEST_084_image_417_ae3ad87d_640x640.jpg,314440,0.29987335205078125,dd114da2fbdbaa53e78a8a57af6acbd77f436751b4cfa3710c633be0780db6df
03_edge_test_dataset/02_preprocessed_640x640_90/images/EDGE_TEST_085_image_425_bb5f9e4a_640x640.jpg,/content/Rock_Burial_RaspberryPi_Edge_Deployment_FINAL_OPTIMIZED/03_edge_test_dataset/02_preprocessed_640x640_90/images/EDGE_TEST_085_image_425_bb5f9e4a_640x640.jpg,320925,0.3060579299926758,48fa355cc866940ec7e8996c440e3057ef9d3542bc9b3074eee78a29b92de464
03_edge_test_dataset/02_preprocessed_640x640_90/images/EDGE_TEST_086_image_426_5da7fb0b_640x640.jpg,/content/Rock_Burial_RaspberryPi_Edge_Deployment_FINAL_OPTIMIZED/03_edge_test_dataset/02_preprocessed_640x640_90/images/EDGE_TEST_086_image_426_5da7fb0b_640x640.jpg,297529,0.28374576568603516,1be62aa58dafca29fb39440c63598e6bd9c4a01230750a60d7e1652689f5408a
03_edge_test_dataset/02_preprocessed_640x640_90/images/EDGE_TEST_087_image_433_3070b692_640x640.jpg,/content/Rock_Burial_RaspberryPi_Edge_Deployment_FINAL_OPTIMIZED/03_edge_test_dataset/02_preprocessed_640x640_90/images/EDGE_TEST_087_image_433_3070b692_640x640.jpg,305132,0.2909965515136719,44b6c9264360fbf659fc63ae237fafd7e5ec16797872cf64edd534d17fa12ed0
03_edge_test_dataset/02_preprocessed_640x640_90/images/EDGE_TEST_088_image_443_e75745ac_640x640.jpg,/content/Rock_Burial_RaspberryPi_Edge_Deployment_FINAL_OPTIMIZED/03_edge_test_dataset/02_preprocessed_640x640_90/images/EDGE_TEST_088_image_443_e75745ac_640x640.jpg,305774,0.2916088104248047,d6ebb494d09ebadf00e9a79edd9067715c49359b80e0fa935d6181953da58ec8
03_edge_test_dataset/02_preprocessed_640x640_90/images/EDGE_TEST_089_image_445_efc7393b_640x640.jpg,/content/Rock_Burial_RaspberryPi_Edge_Deployment_FINAL_OPTIMIZED/03_edge_test_dataset/02_preprocessed_640x640_90/images/EDGE_TEST_089_image_445_efc7393b_640x640.jpg,329254,0.31400108337402344,4fd232d7a7cb691b768b19f9843d58d411e6ab9515f9b547d6b5a3db7cab958c
03_edge_test_dataset/02_preprocessed_640x640_90/images/EDGE_TEST_090_image_448_3511f25a_640x640.jpg,/content/Rock_Burial_RaspberryPi_Edge_Deployment_FINAL_OPTIMIZED/03_edge_test_dataset/02_preprocessed_640x640_90/images/EDGE_TEST_090_image_448_3511f25a_640x640.jpg,254705,0.2429056167602539,360ccb61129dbdecbc15d64a3ec04ce7ac92e888f7fd8766d66791e60a3d2c37
03_edge_test_dataset/02_preprocessed_640x640_90/labels.cache,/content/Rock_Burial_RaspberryPi_Edge_Deployment_FINAL_OPTIMIZED/03_edge_test_dataset/02_preprocessed_640x640_90/labels.cache,27072,0.02581787109375,08c4d1122b325b6ea777771a1dfef8395df30a5e2bbdf03865273a08a3eed6aa
03_edge_test_dataset/02_preprocessed_640x640_90/labels/EDGE_TEST_001_image_002_20794bef_640x640.txt,/content/Rock_Burial_RaspberryPi_Edge_Deployment_FINAL_OPTIMIZED/03_edge_test_dataset/02_preprocessed_640x640_90/labels/EDGE_TEST_001_image_002_20794bef_640x640.txt,46,4.38690185546875e-05,ff309ed0c1ae0945b3dce06215bb0c9e08ed82a270b06d505aa7c75fa2458146
03_edge_test_dataset/02_preprocessed_640x640_90/labels/EDGE_TEST_002_image_004_d61d9fff_640x640.txt,/content/Rock_Burial_RaspberryPi_Edge_Deployment_FINAL_OPTIMIZED/03_edge_test_dataset/02_preprocessed_640x640_90/labels/EDGE_TEST_002_image_004_d61d9fff_640x640.txt,46,4.38690185546875e-05,d64a40d1b66f7668602edc9a941f7a7c88fd67bede217638bbcf434ab0db3120
03_edge_test_dataset/02_preprocessed_640x640_90/labels/EDGE_TEST_003_image_008_dccce67e_640x640.txt,/content/Rock_Burial_RaspberryPi_Edge_Deployment_FINAL_OPTIMIZED/03_edge_test_dataset/02_preprocessed_640x640_90/labels/EDGE_TEST_003_image_008_dccce67e_640x640.txt,46,4.38690185546875e-05,2bf84f89ab6754a66a655f63a9a8e33450517d577e15f7c5d234bc5e7bf72645
03_edge_test_dataset/02_preprocessed_640x640_90/labels/EDGE_TEST_004_image_014_451c0409_640x640.txt,/content/Rock_Burial_RaspberryPi_Edge_Deployment_FINAL_OPTIMIZED/03_edge_test_dataset/02_preprocessed_640x640_90/labels/EDGE_TEST_004_image_014_451c0409_640x640.txt,46,4.38690185546875e-05,1bdb961f72fe12c20c08394b8c5468798698d553b334004b93d99e16327dbb1b
03_edge_test_dataset/02_preprocessed_640x640_90/labels/EDGE_TEST_005_image_018_aec5c6c0_640x640.txt,/content/Rock_Burial_RaspberryPi_Edge_Deployment_FINAL_OPTIMIZED/03_edge_test_dataset/02_preprocessed_640x640_90/labels/EDGE_TEST_005_image_018_aec5c6c0_640x640.txt,46,4.38690185546875e-05,87ec0e31b8ea4b6c0c16634c5e990b529f62a7ff9ce418eac8039fb33be486c5
03_edge_test_dataset/02_preprocessed_640x640_90/labels/EDGE_TEST_006_image_021_f416e021_640x640.txt,/content/Rock_Burial_RaspberryPi_Edge_Deployment_FINAL_OPTIMIZED/03_edge_test_dataset/02_preprocessed_640x640_90/labels/EDGE_TEST_006_image_021_f416e021_640x640.txt,46,4.38690185546875e-05,2da35ad68b0d3f6e961380b2229cee95e5795e52aa7f87a0c79b2f72edaddf1e
03_edge_test_dataset/02_preprocessed_640x640_90/labels/EDGE_TEST_007_image_024_9edd3cd5_640x640.txt,/content/Rock_Burial_RaspberryPi_Edge_Deployment_FINAL_OPTIMIZED/03_edge_test_dataset/02_preprocessed_640x640_90/labels/EDGE_TEST_007_image_024_9edd3cd5_640x640.txt,46,4.38690185546875e-05,54209c10557a345d5f037f488888e2987a78ae2cb0766e02eb9a47c9cd63453a
03_edge_test_dataset/02_preprocessed_640x640_90/labels/EDGE_TEST_008_image_035_d26df087_640x640.txt,/content/Rock_Burial_RaspberryPi_Edge_Deployment_FINAL_OPTIMIZED/03_edge_test_dataset/02_preprocessed_640x640_90/labels/EDGE_TEST_008_image_035_d26df087_640x640.txt,46,4.38690185546875e-05,91dbcee58f9794654e32491048c4b883d7524203b25f0c3138849aabd50b1d12
03_edge_test_dataset/02_preprocessed_640x640_90/labels/EDGE_TEST_009_image_049_260ef98f_640x640.txt,/content/Rock_Burial_RaspberryPi_Edge_Deployment_FINAL_OPTIMIZED/03_edge_test_dataset/02_preprocessed_640x640_90/labels/EDGE_TEST_009_image_049_260ef98f_640x640.txt,46,4.38690185546875e-05,2993125cd8f8c8de32eba8d7c83cd04ec1d47d57ce2c55cc59d0398e97871a74
03_edge_test_dataset/02_preprocessed_640x640_90/labels/EDGE_TEST_010_image_052_44122540_640x640.txt,/content/Rock_Burial_RaspberryPi_Edge_Deployment_FINAL_OPTIMIZED/03_edge_test_dataset/02_preprocessed_640x640_90/labels/EDGE_TEST_010_image_052_44122540_640x640.txt,46,4.38690185546875e-05,d648a693359c335d9aa1dc85e0a950327fd98c3b589279b2d79842aa454c8e38
03_edge_test_dataset/02_preprocessed_640x640_90/labels/EDGE_TEST_011_image_053_48518c21_640x640.txt,/content/Rock_Burial_RaspberryPi_Edge_Deployment_FINAL_OPTIMIZED/03_edge_test_dataset/02_preprocessed_640x640_90/labels/EDGE_TEST_011_image_053_48518c21_640x640.txt,46,4.38690185546875e-05,f1c6ec1fb5f0a813b9c12a5f0ad1f094a9dfc907f8269d2116021bb287115fed
03_edge_test_dataset/02_preprocessed_640x640_90/labels/EDGE_TEST_012_image_054_abfc3115_640x640.txt,/content/Rock_Burial_RaspberryPi_Edge_Deployment_FINAL_OPTIMIZED/03_edge_test_dataset/02_preprocessed_640x640_90/labels/EDGE_TEST_012_image_054_abfc3115_640x640.txt,46,4.38690185546875e-05,ae58272746e6521a54fbafc9a9cdf1f66060bb84ae17fc42be2e8cad324afc2a
03_edge_test_dataset/02_preprocessed_640x640_90/labels/EDGE_TEST_013_image_057_5de4c210_640x640.txt,/content/Rock_Burial_RaspberryPi_Edge_Deployment_FINAL_OPTIMIZED/03_edge_test_dataset/02_preprocessed_640x640_90/labels/EDGE_TEST_013_image_057_5de4c210_640x640.txt,46,4.38690185546875e-05,2832a7daa465b117ac204086550a5c8c6b0a11515eea11cf27d61f869bb15437
03_edge_test_dataset/02_preprocessed_640x640_90/labels/EDGE_TEST_014_image_063_39cb7a62_640x640.txt,/content/Rock_Burial_RaspberryPi_Edge_Deployment_FINAL_OPTIMIZED/03_edge_test_dataset/02_preprocessed_640x640_90/labels/EDGE_TEST_014_image_063_39cb7a62_640x640.txt,92,8.7738037109375e-05,b9a914c01b3c632b59b051e44f05870edbe454c62f25f5d976b3d1f2b2a4c678
03_edge_test_dataset/02_preprocessed_640x640_90/labels/EDGE_TEST_015_image_068_473a1c63_640x640.txt,/content/Rock_Burial_RaspberryPi_Edge_Deployment_FINAL_OPTIMIZED/03_edge_test_dataset/02_preprocessed_640x640_90/labels/EDGE_TEST_015_image_068_473a1c63_640x640.txt,46,4.38690185546875e-05,63669cba998d7398b84f54f70d350827d615ab1b8ccea22c2ccfcf28d8782be8
03_edge_test_dataset/02_preprocessed_640x640_90/labels/EDGE_TEST_016_image_076_0ed6e178_640x640.txt,/content/Rock_Burial_RaspberryPi_Edge_Deployment_FINAL_OPTIMIZED/03_edge_test_dataset/02_preprocessed_640x640_90/labels/EDGE_TEST_016_image_076_0ed6e178_640x640.txt,46,4.38690185546875e-05,cc4acf2b5cee25a202e899656d4b557d7393be171f6ccaa53327f971a1a31110
03_edge_test_dataset/02_preprocessed_640x640_90/labels/EDGE_TEST_017_image_077_0ea2da12_640x640.txt,/content/Rock_Burial_RaspberryPi_Edge_Deployment_FINAL_OPTIMIZED/03_edge_test_dataset/02_preprocessed_640x640_90/labels/EDGE_TEST_017_image_077_0ea2da12_640x640.txt,46,4.38690185546875e-05,57af08988e01c6316662d405c1d4ce92d01819a24e23c2703ed7db4fc1b56afb
03_edge_test_dataset/02_preprocessed_640x640_90/labels/EDGE_TEST_018_image_085_8809c5f8_640x640.txt,/content/Rock_Burial_RaspberryPi_Edge_Deployment_FINAL_OPTIMIZED/03_edge_test_dataset/02_preprocessed_640x640_90/labels/EDGE_TEST_018_image_085_8809c5f8_640x640.txt,46,4.38690185546875e-05,7eafcf829db029198821f32bc023430fcfa3bf3677bb4eae0d34fa4fa87dbaad
03_edge_test_dataset/02_preprocessed_640x640_90/labels/EDGE_TEST_019_image_086_247ac7bc_640x640.txt,/content/Rock_Burial_RaspberryPi_Edge_Deployment_FINAL_OPTIMIZED/03_edge_test_dataset/02_preprocessed_640x640_90/labels/EDGE_TEST_019_image_086_247ac7bc_640x640.txt,46,4.38690185546875e-05,e8a0585eacf1e25bab8a3da63e7ad4f38b2ebe04327512012019b2640620916f
03_edge_test_dataset/02_preprocessed_640x640_90/labels/EDGE_TEST_020_image_088_393f5523_640x640.txt,/content/Rock_Burial_RaspberryPi_Edge_Deployment_FINAL_OPTIMIZED/03_edge_test_dataset/02_preprocessed_640x640_90/labels/EDGE_TEST_020_image_088_393f5523_640x640.txt,46,4.38690185546875e-05,f6a050dabc9cad8f3e07f75d8f7238acf9cbb3901629fc39880ac205d665cded
03_edge_test_dataset/02_preprocessed_640x640_90/labels/EDGE_TEST_021_image_093_1b3ac379_640x640.txt,/content/Rock_Burial_RaspberryPi_Edge_Deployment_FINAL_OPTIMIZED/03_edge_test_dataset/02_preprocessed_640x640_90/labels/EDGE_TEST_021_image_093_1b3ac379_640x640.txt,46,4.38690185546875e-05,2e80a19e4e90e8d104c9978cd14afec1d78b5e39ae6c57e765771087ae65a6cd
03_edge_test_dataset/02_preprocessed_640x640_90/labels/EDGE_TEST_022_image_094_b2a4a867_640x640.txt,/content/Rock_Burial_RaspberryPi_Edge_Deployment_FINAL_OPTIMIZED/03_edge_test_dataset/02_preprocessed_640x640_90/labels/EDGE_TEST_022_image_094_b2a4a867_640x640.txt,46,4.38690185546875e-05,7ea9e19b6bfe4a94bc4d288bdf0bb2adde63a91d7ff0d317868639356d3aac26
03_edge_test_dataset/02_preprocessed_640x640_90/labels/EDGE_TEST_023_image_096_b8cf692b_640x640.txt,/content/Rock_Burial_RaspberryPi_Edge_Deployment_FINAL_OPTIMIZED/03_edge_test_dataset/02_preprocessed_640x640_90/labels/EDGE_TEST_023_image_096_b8cf692b_640x640.txt,46,4.38690185546875e-05,4bec8a168edb93ab6fe81feae27cfe34589fbb95b6435d45550f3210a8540535
03_edge_test_dataset/02_preprocessed_640x640_90/labels/EDGE_TEST_024_image_104_208f797f_640x640.txt,/content/Rock_Burial_RaspberryPi_Edge_Deployment_FINAL_OPTIMIZED/03_edge_test_dataset/02_preprocessed_640x640_90/labels/EDGE_TEST_024_image_104_208f797f_640x640.txt,46,4.38690185546875e-05,805e181eab7bb958e92c7ed390829ce713a00275c8a4d2240f145a18d4d548da
03_edge_test_dataset/02_preprocessed_640x640_90/labels/EDGE_TEST_025_image_107_dc60bc59_640x640.txt,/content/Rock_Burial_RaspberryPi_Edge_Deployment_FINAL_OPTIMIZED/03_edge_test_dataset/02_preprocessed_640x640_90/labels/EDGE_TEST_025_image_107_dc60bc59_640x640.txt,46,4.38690185546875e-05,10724e7bed932ea7994e01533d043bd1db19ef40a4463f663df36e2938a19035
03_edge_test_dataset/02_preprocessed_640x640_90/labels/EDGE_TEST_026_image_108_bce27ae2_640x640.txt,/content/Rock_Burial_RaspberryPi_Edge_Deployment_FINAL_OPTIMIZED/03_edge_test_dataset/02_preprocessed_640x640_90/labels/EDGE_TEST_026_image_108_bce27ae2_640x640.txt,46,4.38690185546875e-05,8b2fe665b121c6ee54b3f350a48fdaebe85fab34e2a980d939611158dc75e74c
03_edge_test_dataset/02_preprocessed_640x640_90/labels/EDGE_TEST_027_image_111_62d4323c_640x640.txt,/content/Rock_Burial_RaspberryPi_Edge_Deployment_FINAL_OPTIMIZED/03_edge_test_dataset/02_preprocessed_640x640_90/labels/EDGE_TEST_027_image_111_62d4323c_640x640.txt,46,4.38690185546875e-05,d77b58c3ff3df41e8c921e20f8b12205eee1686eb87d3d4637a37a32994aed80
03_edge_test_dataset/02_preprocessed_640x640_90/labels/EDGE_TEST_028_image_116_98db83fc_640x640.txt,/content/Rock_Burial_RaspberryPi_Edge_Deployment_FINAL_OPTIMIZED/03_edge_test_dataset/02_preprocessed_640x640_90/labels/EDGE_TEST_028_image_116_98db83fc_640x640.txt,46,4.38690185546875e-05,7c8eee7330238e6f58e61b5110faae9cace122ee7676fc7b7e8cfaf9668e394e
03_edge_test_dataset/02_preprocessed_640x640_90/labels/EDGE_TEST_029_image_127_6c0965ef_640x640.txt,/content/Rock_Burial_RaspberryPi_Edge_Deployment_FINAL_OPTIMIZED/03_edge_test_dataset/02_preprocessed_640x640_90/labels/EDGE_TEST_029_image_127_6c0965ef_640x640.txt,46,4.38690185546875e-05,cf696580169bd0c48b406d959197482b6f5004d5851bccdec56b17415a94874d
03_edge_test_dataset/02_preprocessed_640x640_90/labels/EDGE_TEST_030_image_136_81dc6b0a_640x640.txt,/content/Rock_Burial_RaspberryPi_Edge_Deployment_FINAL_OPTIMIZED/03_edge_test_dataset/02_preprocessed_640x640_90/labels/EDGE_TEST_030_image_136_81dc6b0a_640x640.txt,46,4.38690185546875e-05,780a8feff133a38d1758f4f0c5871135fed93ddd11e20849f1195194bc95a286
03_edge_test_dataset/02_preprocessed_640x640_90/labels/EDGE_TEST_031_image_140_2b0d436f_640x640.txt,/content/Rock_Burial_RaspberryPi_Edge_Deployment_FINAL_OPTIMIZED/03_edge_test_dataset/02_preprocessed_640x640_90/labels/EDGE_TEST_031_image_140_2b0d436f_640x640.txt,46,4.38690185546875e-05,ecb878126c55d7b393bb8c162d81b4e0658992a5387e9b3a487f5f3347668b00
03_edge_test_dataset/02_preprocessed_640x640_90/labels/EDGE_TEST_032_image_153_8f06f1d3_640x640.txt,/content/Rock_Burial_RaspberryPi_Edge_Deployment_FINAL_OPTIMIZED/03_edge_test_dataset/02_preprocessed_640x640_90/labels/EDGE_TEST_032_image_153_8f06f1d3_640x640.txt,46,4.38690185546875e-05,19f332cd5a13e23f974d1657de1639d2fb0516bcd359e8ce9dcbb3a4e010dd44
03_edge_test_dataset/02_preprocessed_640x640_90/labels/EDGE_TEST_033_image_154_ff284326_640x640.txt,/content/Rock_Burial_RaspberryPi_Edge_Deployment_FINAL_OPTIMIZED/03_edge_test_dataset/02_preprocessed_640x640_90/labels/EDGE_TEST_033_image_154_ff284326_640x640.txt,92,8.7738037109375e-05,532bc21a20e8f30d551ad00b900bec3f7079b343141846eb1af14093c789ad28
03_edge_test_dataset/02_preprocessed_640x640_90/labels/EDGE_TEST_034_image_160_0ae40e39_640x640.txt,/content/Rock_Burial_RaspberryPi_Edge_Deployment_FINAL_OPTIMIZED/03_edge_test_dataset/02_preprocessed_640x640_90/labels/EDGE_TEST_034_image_160_0ae40e39_640x640.txt,46,4.38690185546875e-05,110bd850959e29f998d4360a81c61cd0398512d9545b9a8dd7615f280f849ea6
03_edge_test_dataset/02_preprocessed_640x640_90/labels/EDGE_TEST_035_image_178_d25d9cdd_640x640.txt,/content/Rock_Burial_RaspberryPi_Edge_Deployment_FINAL_OPTIMIZED/03_edge_test_dataset/02_preprocessed_640x640_90/labels/EDGE_TEST_035_image_178_d25d9cdd_640x640.txt,46,4.38690185546875e-05,4c71140964c2d7a17ff2fa56e1e04352cd2a258163de1e09a565629fef0a4439
03_edge_test_dataset/02_preprocessed_640x640_90/labels/EDGE_TEST_036_image_182_99386deb_640x640.txt,/content/Rock_Burial_RaspberryPi_Edge_Deployment_FINAL_OPTIMIZED/03_edge_test_dataset/02_preprocessed_640x640_90/labels/EDGE_TEST_036_image_182_99386deb_640x640.txt,46,4.38690185546875e-05,6e5778fe585b3d17e44c11f53107014597f00510531997757cd40b3965460451
03_edge_test_dataset/02_preprocessed_640x640_90/labels/EDGE_TEST_037_image_192_2696fddd_640x640.txt,/content/Rock_Burial_RaspberryPi_Edge_Deployment_FINAL_OPTIMIZED/03_edge_test_dataset/02_preprocessed_640x640_90/labels/EDGE_TEST_037_image_192_2696fddd_640x640.txt,138,0.0001316070556640625,450d73d0416a29ee2f94a5be3b11678d8231187d55e2750092de2c111d353d31
03_edge_test_dataset/02_preprocessed_640x640_90/labels/EDGE_TEST_038_image_201_0ce21bba_640x640.txt,/content/Rock_Burial_RaspberryPi_Edge_Deployment_FINAL_OPTIMIZED/03_edge_test_dataset/02_preprocessed_640x640_90/labels/EDGE_TEST_038_image_201_0ce21bba_640x640.txt,46,4.38690185546875e-05,7234652d75f9aa22d4269c85fce1ed7c11d1e732a1b0400a66d4b8b0b251097d
03_edge_test_dataset/02_preprocessed_640x640_90/labels/EDGE_TEST_039_image_205_52ce8cfe_640x640.txt,/content/Rock_Burial_RaspberryPi_Edge_Deployment_FINAL_OPTIMIZED/03_edge_test_dataset/02_preprocessed_640x640_90/labels/EDGE_TEST_039_image_205_52ce8cfe_640x640.txt,46,4.38690185546875e-05,362693903c03f063fcb1849bf7e375bc7f2bd87e6c854756fafae7e067118b7a
03_edge_test_dataset/02_preprocessed_640x640_90/labels/EDGE_TEST_040_image_208_481aceaa_640x640.txt,/content/Rock_Burial_RaspberryPi_Edge_Deployment_FINAL_OPTIMIZED/03_edge_test_dataset/02_preprocessed_640x640_90/labels/EDGE_TEST_040_image_208_481aceaa_640x640.txt,46,4.38690185546875e-05,65bea8bbbcb568428a28a863503ef835579e98556280bbdca8a158243965d1b5
03_edge_test_dataset/02_preprocessed_640x640_90/labels/EDGE_TEST_041_image_211_7d7a573b_640x640.txt,/content/Rock_Burial_RaspberryPi_Edge_Deployment_FINAL_OPTIMIZED/03_edge_test_dataset/02_preprocessed_640x640_90/labels/EDGE_TEST_041_image_211_7d7a573b_640x640.txt,92,8.7738037109375e-05,02cbde005fbdd33045059179660e5e6b34d105083e033995331ae17718490e9b
03_edge_test_dataset/02_preprocessed_640x640_90/labels/EDGE_TEST_042_image_215_b678f49d_640x640.txt,/content/Rock_Burial_RaspberryPi_Edge_Deployment_FINAL_OPTIMIZED/03_edge_test_dataset/02_preprocessed_640x640_90/labels/EDGE_TEST_042_image_215_b678f49d_640x640.txt,92,8.7738037109375e-05,4cc5f7bf4f161cd2c844b1ae58d062023693517172b39eb13d9b2be1fffd2503
03_edge_test_dataset/02_preprocessed_640x640_90/labels/EDGE_TEST_043_image_217_ab899f54_640x640.txt,/content/Rock_Burial_RaspberryPi_Edge_Deployment_FINAL_OPTIMIZED/03_edge_test_dataset/02_preprocessed_640x640_90/labels/EDGE_TEST_043_image_217_ab899f54_640x640.txt,46,4.38690185546875e-05,82c7a19a057e0a544e26cb029c0f2bc7a4af5f05ac6a26a60a4947cb520877e7
03_edge_test_dataset/02_preprocessed_640x640_90/labels/EDGE_TEST_044_image_229_f1a0f195_640x640.txt,/content/Rock_Burial_RaspberryPi_Edge_Deployment_FINAL_OPTIMIZED/03_edge_test_dataset/02_preprocessed_640x640_90/labels/EDGE_TEST_044_image_229_f1a0f195_640x640.txt,46,4.38690185546875e-05,bf3d3b61c9462e19eda24d89ff0af4d492dbca1b238e5fa11198f331d71ef41c
03_edge_test_dataset/02_preprocessed_640x640_90/labels/EDGE_TEST_045_image_232_a1e3a59e_640x640.txt,/content/Rock_Burial_RaspberryPi_Edge_Deployment_FINAL_OPTIMIZED/03_edge_test_dataset/02_preprocessed_640x640_90/labels/EDGE_TEST_045_image_232_a1e3a59e_640x640.txt,92,8.7738037109375e-05,ad1129000cf973b486b50c5ab78a37532e01e13adf2fe0fbd0d877ba2764ef0d
03_edge_test_dataset/02_preprocessed_640x640_90/labels/EDGE_TEST_046_image_237_e44dc169_640x640.txt,/content/Rock_Burial_RaspberryPi_Edge_Deployment_FINAL_OPTIMIZED/03_edge_test_dataset/02_preprocessed_640x640_90/labels/EDGE_TEST_046_image_237_e44dc169_640x640.txt,92,8.7738037109375e-05,a0e0749cf4ded9d5e9ccfe0f0e480a0ee9087c5aa687bb8671f761fc44d034bf
03_edge_test_dataset/02_preprocessed_640x640_90/labels/EDGE_TEST_047_image_238_7a65cb1b_640x640.txt,/content/Rock_Burial_RaspberryPi_Edge_Deployment_FINAL_OPTIMIZED/03_edge_test_dataset/02_preprocessed_640x640_90/labels/EDGE_TEST_047_image_238_7a65cb1b_640x640.txt,46,4.38690185546875e-05,aefb7829b17f569c0533a3e76d10e441a0395787bfe3ac2effe01f8916717563
03_edge_test_dataset/02_preprocessed_640x640_90/labels/EDGE_TEST_048_image_240_eda3f6bf_640x640.txt,/content/Rock_Burial_RaspberryPi_Edge_Deployment_FINAL_OPTIMIZED/03_edge_test_dataset/02_preprocessed_640x640_90/labels/EDGE_TEST_048_image_240_eda3f6bf_640x640.txt,46,4.38690185546875e-05,566f251e09db1a397ce93ed4cd3e922d5cbabbb49a295eaf2d710d6f35e7a0c4
03_edge_test_dataset/02_preprocessed_640x640_90/labels/EDGE_TEST_049_image_244_c6f44af1_640x640.txt,/content/Rock_Burial_RaspberryPi_Edge_Deployment_FINAL_OPTIMIZED/03_edge_test_dataset/02_preprocessed_640x640_90/labels/EDGE_TEST_049_image_244_c6f44af1_640x640.txt,92,8.7738037109375e-05,ba7b935b55baa3980f6ca423aec3666ca5e60a20cc3b0b4f76aa7a1c33b2d1be
03_edge_test_dataset/02_preprocessed_640x640_90/labels/EDGE_TEST_050_image_250_b3185ceb_640x640.txt,/content/Rock_Burial_RaspberryPi_Edge_Deployment_FINAL_OPTIMIZED/03_edge_test_dataset/02_preprocessed_640x640_90/labels/EDGE_TEST_050_image_250_b3185ceb_640x640.txt,46,4.38690185546875e-05,69cb9789c191facaa2c46b5d9bc216ef5a68d44b33683bdcbcd3242d1166ba2c
03_edge_test_dataset/02_preprocessed_640x640_90/labels/EDGE_TEST_051_image_251_f5ef7a28_640x640.txt,/content/Rock_Burial_RaspberryPi_Edge_Deployment_FINAL_OPTIMIZED/03_edge_test_dataset/02_preprocessed_640x640_90/labels/EDGE_TEST_051_image_251_f5ef7a28_640x640.txt,46,4.38690185546875e-05,25fdfd778bd2047d5c5fd9e328630b77633ad579c5294337ca2f2ee52478a0ec
03_edge_test_dataset/02_preprocessed_640x640_90/labels/EDGE_TEST_052_image_257_c962764c_640x640.txt,/content/Rock_Burial_RaspberryPi_Edge_Deployment_FINAL_OPTIMIZED/03_edge_test_dataset/02_preprocessed_640x640_90/labels/EDGE_TEST_052_image_257_c962764c_640x640.txt,46,4.38690185546875e-05,8b0903664bd98f1d7f8b5e715f66ff15ee604bf9426fba3887bdbe40be14d5a2
03_edge_test_dataset/02_preprocessed_640x640_90/labels/EDGE_TEST_053_image_260_79b29dc9_640x640.txt,/content/Rock_Burial_RaspberryPi_Edge_Deployment_FINAL_OPTIMIZED/03_edge_test_dataset/02_preprocessed_640x640_90/labels/EDGE_TEST_053_image_260_79b29dc9_640x640.txt,138,0.0001316070556640625,ad9e9b44ce4890aedd11222966761c857ed6ef6583e98c9875ce451e01cbd8f4
03_edge_test_dataset/02_preprocessed_640x640_90/labels/EDGE_TEST_054_image_265_316068e6_640x640.txt,/content/Rock_Burial_RaspberryPi_Edge_Deployment_FINAL_OPTIMIZED/03_edge_test_dataset/02_preprocessed_640x640_90/labels/EDGE_TEST_054_image_265_316068e6_640x640.txt,230,0.0002193450927734375,7a9176bef5e187cb66947757ebd5e0bc90165fd36ddb57b249d8afc8d9cc91d4
03_edge_test_dataset/02_preprocessed_640x640_90/labels/EDGE_TEST_055_image_266_8fe0514d_640x640.txt,/content/Rock_Burial_RaspberryPi_Edge_Deployment_FINAL_OPTIMIZED/03_edge_test_dataset/02_preprocessed_640x640_90/labels/EDGE_TEST_055_image_266_8fe0514d_640x640.txt,230,0.0002193450927734375,9b3f4fb0be5acc60ceb3d4db03348471159d890debdf832c7d6c55f35213cef7
03_edge_test_dataset/02_preprocessed_640x640_90/labels/EDGE_TEST_056_image_267_a1efb1c7_640x640.txt,/content/Rock_Burial_RaspberryPi_Edge_Deployment_FINAL_OPTIMIZED/03_edge_test_dataset/02_preprocessed_640x640_90/labels/EDGE_TEST_056_image_267_a1efb1c7_640x640.txt,184,0.00017547607421875,274b484e541297d165e33afd91fad994bd04988f3ed13df607bc7cdfb956022f
03_edge_test_dataset/02_preprocessed_640x640_90/labels/EDGE_TEST_057_image_268_6b17791e_640x640.txt,/content/Rock_Burial_RaspberryPi_Edge_Deployment_FINAL_OPTIMIZED/03_edge_test_dataset/02_preprocessed_640x640_90/labels/EDGE_TEST_057_image_268_6b17791e_640x640.txt,276,0.000263214111328125,af378485f377eeb885d2663f016b254ba7a3bad68d5a2b74ffa4e84a74134526
03_edge_test_dataset/02_preprocessed_640x640_90/labels/EDGE_TEST_058_image_275_22d7eca3_640x640.txt,/content/Rock_Burial_RaspberryPi_Edge_Deployment_FINAL_OPTIMIZED/03_edge_test_dataset/02_preprocessed_640x640_90/labels/EDGE_TEST_058_image_275_22d7eca3_640x640.txt,230,0.0002193450927734375,14397a7a1dfdf90632ed0304bff8372fb16e789be3674f84699826ed6c851c40
03_edge_test_dataset/02_preprocessed_640x640_90/labels/EDGE_TEST_059_image_276_5dff9e22_640x640.txt,/content/Rock_Burial_RaspberryPi_Edge_Deployment_FINAL_OPTIMIZED/03_edge_test_dataset/02_preprocessed_640x640_90/labels/EDGE_TEST_059_image_276_5dff9e22_640x640.txt,184,0.00017547607421875,271b567efc663693e5d1af8032d368d1bc4d3afaa25a72752ea3e575f6bcd80f
03_edge_test_dataset/02_preprocessed_640x640_90/labels/EDGE_TEST_060_image_278_ea766e04_640x640.txt,/content/Rock_Burial_RaspberryPi_Edge_Deployment_FINAL_OPTIMIZED/03_edge_test_dataset/02_preprocessed_640x640_90/labels/EDGE_TEST_060_image_278_ea766e04_640x640.txt,414,0.0003948211669921875,8824a30dcf1b0aec3dec1ed36f8d2d22f4a52c2331b170ede146b79cb1b49b45
03_edge_test_dataset/02_preprocessed_640x640_90/labels/EDGE_TEST_061_image_286_378ac4c3_640x640.txt,/content/Rock_Burial_RaspberryPi_Edge_Deployment_FINAL_OPTIMIZED/03_edge_test_dataset/02_preprocessed_640x640_90/labels/EDGE_TEST_061_image_286_378ac4c3_640x640.txt,46,4.38690185546875e-05,50010419c9665fe1df651901750ec5a95026746359aa8ef81b29dd4af6a4433c
03_edge_test_dataset/02_preprocessed_640x640_90/labels/EDGE_TEST_062_image_301_ca83e5df_640x640.txt,/content/Rock_Burial_RaspberryPi_Edge_Deployment_FINAL_OPTIMIZED/03_edge_test_dataset/02_preprocessed_640x640_90/labels/EDGE_TEST_062_image_301_ca83e5df_640x640.txt,184,0.00017547607421875,40c00e921b6697de906073e093a35b0fe7156c1dce214c28ce676215c2cc7177
03_edge_test_dataset/02_preprocessed_640x640_90/labels/EDGE_TEST_063_image_303_fc13dbc0_640x640.txt,/content/Rock_Burial_RaspberryPi_Edge_Deployment_FINAL_OPTIMIZED/03_edge_test_dataset/02_preprocessed_640x640_90/labels/EDGE_TEST_063_image_303_fc13dbc0_640x640.txt,46,4.38690185546875e-05,82220c5a00c18019a7c349b3d77d22893080c4d4a795a9e53784f613a0fbc9c2
03_edge_test_dataset/02_preprocessed_640x640_90/labels/EDGE_TEST_064_image_305_ca60e725_640x640.txt,/content/Rock_Burial_RaspberryPi_Edge_Deployment_FINAL_OPTIMIZED/03_edge_test_dataset/02_preprocessed_640x640_90/labels/EDGE_TEST_064_image_305_ca60e725_640x640.txt,46,4.38690185546875e-05,2c06cebbf35210b60541717221369bdf66feec8883482c51563c0f6f82a784c8
03_edge_test_dataset/02_preprocessed_640x640_90/labels/EDGE_TEST_065_image_310_e7f041f0_640x640.txt,/content/Rock_Burial_RaspberryPi_Edge_Deployment_FINAL_OPTIMIZED/03_edge_test_dataset/02_preprocessed_640x640_90/labels/EDGE_TEST_065_image_310_e7f041f0_640x640.txt,46,4.38690185546875e-05,38eb10101c16dde5a4c6179b42f6301874d4a2ccbb42a4b2b0d8d66a6ebf7b26
03_edge_test_dataset/02_preprocessed_640x640_90/labels/EDGE_TEST_066_image_327_85f28ced_640x640.txt,/content/Rock_Burial_RaspberryPi_Edge_Deployment_FINAL_OPTIMIZED/03_edge_test_dataset/02_preprocessed_640x640_90/labels/EDGE_TEST_066_image_327_85f28ced_640x640.txt,46,4.38690185546875e-05,c530cb6743e92c974a8f05e43d5a26ac6554f8e8f0ff4a99a6d16311e2c422e5
03_edge_test_dataset/02_preprocessed_640x640_90/labels/EDGE_TEST_067_image_329_6b7e42c3_640x640.txt,/content/Rock_Burial_RaspberryPi_Edge_Deployment_FINAL_OPTIMIZED/03_edge_test_dataset/02_preprocessed_640x640_90/labels/EDGE_TEST_067_image_329_6b7e42c3_640x640.txt,46,4.38690185546875e-05,f096463063c23d134816fa5341f0be34622e994ced81bc716732d5e55713a215
03_edge_test_dataset/02_preprocessed_640x640_90/labels/EDGE_TEST_068_image_335_423c4bb2_640x640.txt,/content/Rock_Burial_RaspberryPi_Edge_Deployment_FINAL_OPTIMIZED/03_edge_test_dataset/02_preprocessed_640x640_90/labels/EDGE_TEST_068_image_335_423c4bb2_640x640.txt,46,4.38690185546875e-05,eebfe13a33ac496bd68e1c3224ec395d0f4c66c9409bebb889c3e50eaced3673
03_edge_test_dataset/02_preprocessed_640x640_90/labels/EDGE_TEST_069_image_339_5ef5959a_640x640.txt,/content/Rock_Burial_RaspberryPi_Edge_Deployment_FINAL_OPTIMIZED/03_edge_test_dataset/02_preprocessed_640x640_90/labels/EDGE_TEST_069_image_339_5ef5959a_640x640.txt,46,4.38690185546875e-05,a451430dc6d704c8888158798d04a8679bea92189b0ac80b74721469d25c9ef0
03_edge_test_dataset/02_preprocessed_640x640_90/labels/EDGE_TEST_070_image_341_5ea77c2b_640x640.txt,/content/Rock_Burial_RaspberryPi_Edge_Deployment_FINAL_OPTIMIZED/03_edge_test_dataset/02_preprocessed_640x640_90/labels/EDGE_TEST_070_image_341_5ea77c2b_640x640.txt,46,4.38690185546875e-05,423a98ba66c60cb6f2201e1d12b7adc82d2e2ffbbed0358b984208b6f2bb2a6a
03_edge_test_dataset/02_preprocessed_640x640_90/labels/EDGE_TEST_071_image_356_464376c2_640x640.txt,/content/Rock_Burial_RaspberryPi_Edge_Deployment_FINAL_OPTIMIZED/03_edge_test_dataset/02_preprocessed_640x640_90/labels/EDGE_TEST_071_image_356_464376c2_640x640.txt,46,4.38690185546875e-05,49d883f0dac1d328e2362b3c90953189d80b784c597a3154fe0d5e9e2b3db573
03_edge_test_dataset/02_preprocessed_640x640_90/labels/EDGE_TEST_072_image_364_81272161_640x640.txt,/content/Rock_Burial_RaspberryPi_Edge_Deployment_FINAL_OPTIMIZED/03_edge_test_dataset/02_preprocessed_640x640_90/labels/EDGE_TEST_072_image_364_81272161_640x640.txt,46,4.38690185546875e-05,3f671da7971d76a9e31fad8455b607bf63851997fe241942f8c4be50041366db
03_edge_test_dataset/02_preprocessed_640x640_90/labels/EDGE_TEST_073_image_367_ebadfd09_640x640.txt,/content/Rock_Burial_RaspberryPi_Edge_Deployment_FINAL_OPTIMIZED/03_edge_test_dataset/02_preprocessed_640x640_90/labels/EDGE_TEST_073_image_367_ebadfd09_640x640.txt,46,4.38690185546875e-05,2ced9b6abf54e13617385d67471406c5a32b6da52a2b99dd402995f579c04338
03_edge_test_dataset/02_preprocessed_640x640_90/labels/EDGE_TEST_074_image_370_9d9f521d_640x640.txt,/content/Rock_Burial_RaspberryPi_Edge_Deployment_FINAL_OPTIMIZED/03_edge_test_dataset/02_preprocessed_640x640_90/labels/EDGE_TEST_074_image_370_9d9f521d_640x640.txt,46,4.38690185546875e-05,3db0ffbf0df515793f9162a76aad1cf1ba341171c2129ca4036a40b054a97f8b
03_edge_test_dataset/02_preprocessed_640x640_90/labels/EDGE_TEST_075_image_373_d51a1f7a_640x640.txt,/content/Rock_Burial_RaspberryPi_Edge_Deployment_FINAL_OPTIMIZED/03_edge_test_dataset/02_preprocessed_640x640_90/labels/EDGE_TEST_075_image_373_d51a1f7a_640x640.txt,46,4.38690185546875e-05,fd700b69b7f6ff759c7ad1e33870b645d078c7b0ff2107c97a6e045270f12d3e
03_edge_test_dataset/02_preprocessed_640x640_90/labels/EDGE_TEST_076_image_374_18709287_640x640.txt,/content/Rock_Burial_RaspberryPi_Edge_Deployment_FINAL_OPTIMIZED/03_edge_test_dataset/02_preprocessed_640x640_90/labels/EDGE_TEST_076_image_374_18709287_640x640.txt,46,4.38690185546875e-05,ab205ed0a1ce17d3566a33ef3a126648e017bbeb0bec6021db92e6c22e120a91
03_edge_test_dataset/02_preprocessed_640x640_90/labels/EDGE_TEST_077_image_378_f4d007ae_640x640.txt,/content/Rock_Burial_RaspberryPi_Edge_Deployment_FINAL_OPTIMIZED/03_edge_test_dataset/02_preprocessed_640x640_90/labels/EDGE_TEST_077_image_378_f4d007ae_640x640.txt,46,4.38690185546875e-05,7148055f66b065a020c415878caafdb05b735024e0c1122f6d0e166352698c21
03_edge_test_dataset/02_preprocessed_640x640_90/labels/EDGE_TEST_078_image_385_3f7bae0d_640x640.txt,/content/Rock_Burial_RaspberryPi_Edge_Deployment_FINAL_OPTIMIZED/03_edge_test_dataset/02_preprocessed_640x640_90/labels/EDGE_TEST_078_image_385_3f7bae0d_640x640.txt,46,4.38690185546875e-05,8d7621e247e8917f4981f681462383cfd7eaf0328dbb3d0a86ea69070f6edaf3
03_edge_test_dataset/02_preprocessed_640x640_90/labels/EDGE_TEST_079_image_397_49ad5cf8_640x640.txt,/content/Rock_Burial_RaspberryPi_Edge_Deployment_FINAL_OPTIMIZED/03_edge_test_dataset/02_preprocessed_640x640_90/labels/EDGE_TEST_079_image_397_49ad5cf8_640x640.txt,46,4.38690185546875e-05,f35b94e58ab1c70a75269509dbcfb9c1301cb8fcc7a5eeb8907dabc4bffc03cc
03_edge_test_dataset/02_preprocessed_640x640_90/labels/EDGE_TEST_080_image_399_584fa2c4_640x640.txt,/content/Rock_Burial_RaspberryPi_Edge_Deployment_FINAL_OPTIMIZED/03_edge_test_dataset/02_preprocessed_640x640_90/labels/EDGE_TEST_080_image_399_584fa2c4_640x640.txt,46,4.38690185546875e-05,76531d00b98918da8e2fb57b5e2336f0dbb6e57f8bbf978d32ee02a295dd52d5
03_edge_test_dataset/02_preprocessed_640x640_90/labels/EDGE_TEST_081_image_401_533e18ca_640x640.txt,/content/Rock_Burial_RaspberryPi_Edge_Deployment_FINAL_OPTIMIZED/03_edge_test_dataset/02_preprocessed_640x640_90/labels/EDGE_TEST_081_image_401_533e18ca_640x640.txt,46,4.38690185546875e-05,deeb2fe3dd1193617b0100b515a94ec5c369a69317aef50c10a5f9688de9022f
03_edge_test_dataset/02_preprocessed_640x640_90/labels/EDGE_TEST_082_image_410_8eed7e1c_640x640.txt,/content/Rock_Burial_RaspberryPi_Edge_Deployment_FINAL_OPTIMIZED/03_edge_test_dataset/02_preprocessed_640x640_90/labels/EDGE_TEST_082_image_410_8eed7e1c_640x640.txt,46,4.38690185546875e-05,ff1d38512d2b22e6862083e9bb6be01a224722a3533e3967f955f62b8784b1a5
03_edge_test_dataset/02_preprocessed_640x640_90/labels/EDGE_TEST_083_image_416_82eb3ebe_640x640.txt,/content/Rock_Burial_RaspberryPi_Edge_Deployment_FINAL_OPTIMIZED/03_edge_test_dataset/02_preprocessed_640x640_90/labels/EDGE_TEST_083_image_416_82eb3ebe_640x640.txt,46,4.38690185546875e-05,710cb6fb7d6d32a4574c146d46b048730db5c58b6c48d963808d14ae92a0ea41
03_edge_test_dataset/02_preprocessed_640x640_90/labels/EDGE_TEST_084_image_417_ae3ad87d_640x640.txt,/content/Rock_Burial_RaspberryPi_Edge_Deployment_FINAL_OPTIMIZED/03_edge_test_dataset/02_preprocessed_640x640_90/labels/EDGE_TEST_084_image_417_ae3ad87d_640x640.txt,46,4.38690185546875e-05,773cdd86847856ac1cf0946826b9f5feaa80eba6f3ff9e69a835d709d0711753
03_edge_test_dataset/02_preprocessed_640x640_90/labels/EDGE_TEST_085_image_425_bb5f9e4a_640x640.txt,/content/Rock_Burial_RaspberryPi_Edge_Deployment_FINAL_OPTIMIZED/03_edge_test_dataset/02_preprocessed_640x640_90/labels/EDGE_TEST_085_image_425_bb5f9e4a_640x640.txt,46,4.38690185546875e-05,9c64fd21efcbc53890047d4af03034fcefe5dd8008bdfd0cd5b4f8675aa08640
03_edge_test_dataset/02_preprocessed_640x640_90/labels/EDGE_TEST_086_image_426_5da7fb0b_640x640.txt,/content/Rock_Burial_RaspberryPi_Edge_Deployment_FINAL_OPTIMIZED/03_edge_test_dataset/02_preprocessed_640x640_90/labels/EDGE_TEST_086_image_426_5da7fb0b_640x640.txt,46,4.38690185546875e-05,44ed3990ce5caff679d224bc211d290518bac0c5d84f217d38bfcb1af018eef2
03_edge_test_dataset/02_preprocessed_640x640_90/labels/EDGE_TEST_087_image_433_3070b692_640x640.txt,/content/Rock_Burial_RaspberryPi_Edge_Deployment_FINAL_OPTIMIZED/03_edge_test_dataset/02_preprocessed_640x640_90/labels/EDGE_TEST_087_image_433_3070b692_640x640.txt,46,4.38690185546875e-05,35982c64bd05152b11f826eb60738fa0ced9979e988deede6bb52ef064e415ce
03_edge_test_dataset/02_preprocessed_640x640_90/labels/EDGE_TEST_088_image_443_e75745ac_640x640.txt,/content/Rock_Burial_RaspberryPi_Edge_Deployment_FINAL_OPTIMIZED/03_edge_test_dataset/02_preprocessed_640x640_90/labels/EDGE_TEST_088_image_443_e75745ac_640x640.txt,46,4.38690185546875e-05,0bca7ae8ccb0d204553c7fd0ab79e77786f2bd03e40f239f8cbdf5e0e2b57eba
03_edge_test_dataset/02_preprocessed_640x640_90/labels/EDGE_TEST_089_image_445_efc7393b_640x640.txt,/content/Rock_Burial_RaspberryPi_Edge_Deployment_FINAL_OPTIMIZED/03_edge_test_dataset/02_preprocessed_640x640_90/labels/EDGE_TEST_089_image_445_efc7393b_640x640.txt,46,4.38690185546875e-05,ecfcab5f89ab72e99b99f1efdcdf1f1750a7116632c975c15ceab40c8634ca3c
03_edge_test_dataset/02_preprocessed_640x640_90/labels/EDGE_TEST_090_image_448_3511f25a_640x640.txt,/content/Rock_Burial_RaspberryPi_Edge_Deployment_FINAL_OPTIMIZED/03_edge_test_dataset/02_preprocessed_640x640_90/labels/EDGE_TEST_090_image_448_3511f25a_640x640.txt,46,4.38690185546875e-05,6117180d6eb187fe0c0b493df61d39df88c0b3fe0d7449fb926c853dde938b71
03_edge_test_dataset/03_smoke_test_10/images/SMOKE_01_EDGE_TEST_006_image_021_f416e021_640x640.jpg,/content/Rock_Burial_RaspberryPi_Edge_Deployment_FINAL_OPTIMIZED/03_edge_test_dataset/03_smoke_test_10/images/SMOKE_01_EDGE_TEST_006_image_021_f416e021_640x640.jpg,127501,0.12159442901611328,cb19d900727dab2b7f8638f846621d66bd5b010345d4e8dc2d64ec64452981fa
03_edge_test_dataset/03_smoke_test_10/images/SMOKE_02_EDGE_TEST_041_image_211_7d7a573b_640x640.jpg,/content/Rock_Burial_RaspberryPi_Edge_Deployment_FINAL_OPTIMIZED/03_edge_test_dataset/03_smoke_test_10/images/SMOKE_02_EDGE_TEST_041_image_211_7d7a573b_640x640.jpg,264054,0.25182151794433594,d62ed1dd16466d9709a10bfc6c17afef077fa45f0bba81c97d2aeb26c320e081
03_edge_test_dataset/03_smoke_test_10/images/SMOKE_03_EDGE_TEST_046_image_237_e44dc169_640x640.jpg,/content/Rock_Burial_RaspberryPi_Edge_Deployment_FINAL_OPTIMIZED/03_edge_test_dataset/03_smoke_test_10/images/SMOKE_03_EDGE_TEST_046_image_237_e44dc169_640x640.jpg,266795,0.25443553924560547,986d9b0d41685f718fae8a7813790d8823f8f7d69e915133c1d2c071389989d3
03_edge_test_dataset/03_smoke_test_10/images/SMOKE_04_EDGE_TEST_047_image_238_7a65cb1b_640x640.jpg,/content/Rock_Burial_RaspberryPi_Edge_Deployment_FINAL_OPTIMIZED/03_edge_test_dataset/03_smoke_test_10/images/SMOKE_04_EDGE_TEST_047_image_238_7a65cb1b_640x640.jpg,256409,0.24453067779541016,aa5e07a956ca19c421cdbbc308bf05e18f8ca4b0f8f981b47646635cd0b66356
03_edge_test_dataset/03_smoke_test_10/images/SMOKE_05_EDGE_TEST_055_image_266_8fe0514d_640x640.jpg,/content/Rock_Burial_RaspberryPi_Edge_Deployment_FINAL_OPTIMIZED/03_edge_test_dataset/03_smoke_test_10/images/SMOKE_05_EDGE_TEST_055_image_266_8fe0514d_640x640.jpg,296024,0.28231048583984375,8e3a31170f27a25aa08151ed96ccba9968c591e95b12880b9c42a555dfd4c3d1
03_edge_test_dataset/03_smoke_test_10/images/SMOKE_06_EDGE_TEST_060_image_278_ea766e04_640x640.jpg,/content/Rock_Burial_RaspberryPi_Edge_Deployment_FINAL_OPTIMIZED/03_edge_test_dataset/03_smoke_test_10/images/SMOKE_06_EDGE_TEST_060_image_278_ea766e04_640x640.jpg,293703,0.28009700775146484,d4d82de9e95fb4545de395d867d003302f2bc6bc5c53d18ee2dda0fea0bc1d45
03_edge_test_dataset/03_smoke_test_10/images/SMOKE_07_EDGE_TEST_077_image_378_f4d007ae_640x640.jpg,/content/Rock_Burial_RaspberryPi_Edge_Deployment_FINAL_OPTIMIZED/03_edge_test_dataset/03_smoke_test_10/images/SMOKE_07_EDGE_TEST_077_image_378_f4d007ae_640x640.jpg,297813,0.28401660919189453,dd4ce9c396d68a63b5282e4e2f69339a0dcfd75fef6a53dd951e9885c86af076
03_edge_test_dataset/03_smoke_test_10/images/SMOKE_08_EDGE_TEST_079_image_397_49ad5cf8_640x640.jpg,/content/Rock_Burial_RaspberryPi_Edge_Deployment_FINAL_OPTIMIZED/03_edge_test_dataset/03_smoke_test_10/images/SMOKE_08_EDGE_TEST_079_image_397_49ad5cf8_640x640.jpg,291214,0.2777233123779297,9e1d5ef6320835199b7869f198cb7d9ffcee018ed49d20c2daeb46410d9bda69
03_edge_test_dataset/03_smoke_test_10/images/SMOKE_09_EDGE_TEST_083_image_416_82eb3ebe_640x640.jpg,/content/Rock_Burial_RaspberryPi_Edge_Deployment_FINAL_OPTIMIZED/03_edge_test_dataset/03_smoke_test_10/images/SMOKE_09_EDGE_TEST_083_image_416_82eb3ebe_640x640.jpg,291891,0.2783689498901367,39dafe4dfae40d55a74c349220a4783fdd8dd1847917d3a4544571723865647a
03_edge_test_dataset/03_smoke_test_10/images/SMOKE_10_EDGE_TEST_084_image_417_ae3ad87d_640x640.jpg,/content/Rock_Burial_RaspberryPi_Edge_Deployment_FINAL_OPTIMIZED/03_edge_test_dataset/03_smoke_test_10/images/SMOKE_10_EDGE_TEST_084_image_417_ae3ad87d_640x640.jpg,314440,0.29987335205078125,dd114da2fbdbaa53e78a8a57af6acbd77f436751b4cfa3710c633be0780db6df
03_edge_test_dataset/03_smoke_test_10/labels/SMOKE_01_EDGE_TEST_006_image_021_f416e021_640x640.txt,/content/Rock_Burial_RaspberryPi_Edge_Deployment_FINAL_OPTIMIZED/03_edge_test_dataset/03_smoke_test_10/labels/SMOKE_01_EDGE_TEST_006_image_021_f416e021_640x640.txt,46,4.38690185546875e-05,2da35ad68b0d3f6e961380b2229cee95e5795e52aa7f87a0c79b2f72edaddf1e
03_edge_test_dataset/03_smoke_test_10/labels/SMOKE_02_EDGE_TEST_041_image_211_7d7a573b_640x640.txt,/content/Rock_Burial_RaspberryPi_Edge_Deployment_FINAL_OPTIMIZED/03_edge_test_dataset/03_smoke_test_10/labels/SMOKE_02_EDGE_TEST_041_image_211_7d7a573b_640x640.txt,92,8.7738037109375e-05,02cbde005fbdd33045059179660e5e6b34d105083e033995331ae17718490e9b
03_edge_test_dataset/03_smoke_test_10/labels/SMOKE_03_EDGE_TEST_046_image_237_e44dc169_640x640.txt,/content/Rock_Burial_RaspberryPi_Edge_Deployment_FINAL_OPTIMIZED/03_edge_test_dataset/03_smoke_test_10/labels/SMOKE_03_EDGE_TEST_046_image_237_e44dc169_640x640.txt,92,8.7738037109375e-05,a0e0749cf4ded9d5e9ccfe0f0e480a0ee9087c5aa687bb8671f761fc44d034bf
03_edge_test_dataset/03_smoke_test_10/labels/SMOKE_04_EDGE_TEST_047_image_238_7a65cb1b_640x640.txt,/content/Rock_Burial_RaspberryPi_Edge_Deployment_FINAL_OPTIMIZED/03_edge_test_dataset/03_smoke_test_10/labels/SMOKE_04_EDGE_TEST_047_image_238_7a65cb1b_640x640.txt,46,4.38690185546875e-05,aefb7829b17f569c0533a3e76d10e441a0395787bfe3ac2effe01f8916717563
03_edge_test_dataset/03_smoke_test_10/labels/SMOKE_05_EDGE_TEST_055_image_266_8fe0514d_640x640.txt,/content/Rock_Burial_RaspberryPi_Edge_Deployment_FINAL_OPTIMIZED/03_edge_test_dataset/03_smoke_test_10/labels/SMOKE_05_EDGE_TEST_055_image_266_8fe0514d_640x640.txt,230,0.0002193450927734375,9b3f4fb0be5acc60ceb3d4db03348471159d890debdf832c7d6c55f35213cef7
03_edge_test_dataset/03_smoke_test_10/labels/SMOKE_06_EDGE_TEST_060_image_278_ea766e04_640x640.txt,/content/Rock_Burial_RaspberryPi_Edge_Deployment_FINAL_OPTIMIZED/03_edge_test_dataset/03_smoke_test_10/labels/SMOKE_06_EDGE_TEST_060_image_278_ea766e04_640x640.txt,414,0.0003948211669921875,8824a30dcf1b0aec3dec1ed36f8d2d22f4a52c2331b170ede146b79cb1b49b45
03_edge_test_dataset/03_smoke_test_10/labels/SMOKE_07_EDGE_TEST_077_image_378_f4d007ae_640x640.txt,/content/Rock_Burial_RaspberryPi_Edge_Deployment_FINAL_OPTIMIZED/03_edge_test_dataset/03_smoke_test_10/labels/SMOKE_07_EDGE_TEST_077_image_378_f4d007ae_640x640.txt,46,4.38690185546875e-05,7148055f66b065a020c415878caafdb05b735024e0c1122f6d0e166352698c21
03_edge_test_dataset/03_smoke_test_10/labels/SMOKE_08_EDGE_TEST_079_image_397_49ad5cf8_640x640.txt,/content/Rock_Burial_RaspberryPi_Edge_Deployment_FINAL_OPTIMIZED/03_edge_test_dataset/03_smoke_test_10/labels/SMOKE_08_EDGE_TEST_079_image_397_49ad5cf8_640x640.txt,46,4.38690185546875e-05,f35b94e58ab1c70a75269509dbcfb9c1301cb8fcc7a5eeb8907dabc4bffc03cc
03_edge_test_dataset/03_smoke_test_10/labels/SMOKE_09_EDGE_TEST_083_image_416_82eb3ebe_640x640.txt,/content/Rock_Burial_RaspberryPi_Edge_Deployment_FINAL_OPTIMIZED/03_edge_test_dataset/03_smoke_test_10/labels/SMOKE_09_EDGE_TEST_083_image_416_82eb3ebe_640x640.txt,46,4.38690185546875e-05,710cb6fb7d6d32a4574c146d46b048730db5c58b6c48d963808d14ae92a0ea41
03_edge_test_dataset/03_smoke_test_10/labels/SMOKE_10_EDGE_TEST_084_image_417_ae3ad87d_640x640.txt,/content/Rock_Burial_RaspberryPi_Edge_Deployment_FINAL_OPTIMIZED/03_edge_test_dataset/03_smoke_test_10/labels/SMOKE_10_EDGE_TEST_084_image_417_ae3ad87d_640x640.txt,46,4.38690185546875e-05,773cdd86847856ac1cf0946826b9f5feaa80eba6f3ff9e69a835d709d0711753
03_edge_test_dataset/README_TEST_IMAGES.txt,/content/Rock_Burial_RaspberryPi_Edge_Deployment_FINAL_OPTIMIZED/03_edge_test_dataset/README_TEST_IMAGES.txt,829,0.0007905960083007812,81d2a448942e551c6e5949fad4ab6ebfecf857119e8513e5b51c7087548082d4
03_edge_test_dataset/edge_test_data_640.yaml,/content/Rock_Burial_RaspberryPi_Edge_Deployment_FINAL_OPTIMIZED/03_edge_test_dataset/edge_test_data_640.yaml,136,0.00012969970703125,b58822595a99acbc666f2ea6a971fcde0b27de523c6dd522feb5cb5ab7405913
05_raspberry_pi_scripts/README_RASPBERRY_PI.md,/content/Rock_Burial_RaspberryPi_Edge_Deployment_FINAL_OPTIMIZED/05_raspberry_pi_scripts/README_RASPBERRY_PI.md,3258,0.0031070709228515625,e449b26c894f60def4c4ce6f1b5e054fce79f97fa53bd14346ae4583f9ab5729
05_raspberry_pi_scripts/benchmark_deployment.py,/content/Rock_Burial_RaspberryPi_Edge_Deployment_FINAL_OPTIMIZED/05_raspberry_pi_scripts/benchmark_deployment.py,15128,0.01442718505859375,49286c369d01ae1348419c95328857241c69dea51cbcb8184321487f2db61c69
05_raspberry_pi_scripts/copy_project_from_mac_to_pi.sh,/content/Rock_Burial_RaspberryPi_Edge_Deployment_FINAL_OPTIMIZED/05_raspberry_pi_scripts/copy_project_from_mac_to_pi.sh,474,0.0004520416259765625,b2da8384c326b2de21ebc6af50f34c0c4c91975f4e539ae9b046bc1c71f94c98
05_raspberry_pi_scripts/copy_results_from_pi_to_mac.sh,/content/Rock_Burial_RaspberryPi_Edge_Deployment_FINAL_OPTIMIZED/05_raspberry_pi_scripts/copy_results_from_pi_to_mac.sh,385,0.00036716461181640625,83a4d12dee5bf1bf736ce8787179935cbea55365b170a57135b4e9a8e43a2a0c
05_raspberry_pi_scripts/requirements_raspberry_pi.txt,/content/Rock_Burial_RaspberryPi_Edge_Deployment_FINAL_OPTIMIZED/05_raspberry_pi_scripts/requirements_raspberry_pi.txt,99,9.441375732421875e-05,b3e8f57f0e35dbc01f1a316a96e1d5065ce0bb904f44c34e5fce271c91d1f586
05_raspberry_pi_scripts/run_single_image.py,/content/Rock_Burial_RaspberryPi_Edge_Deployment_FINAL_OPTIMIZED/05_raspberry_pi_scripts/run_single_image.py,2150,0.0020503997802734375,8e122acd6655a573b2fcd2309e897b3b7918d16cb5ca0178c0086ff1bd72ac36
05_raspberry_pi_scripts/setup_raspberry_pi.sh,/content/Rock_Burial_RaspberryPi_Edge_Deployment_FINAL_OPTIMIZED/05_raspberry_pi_scripts/setup_raspberry_pi.sh,1216,0.00115966796875,b68f7e7d8fb06d1654186f9ba02622f0bce1a0360641627d18246fde2917605b
05_raspberry_pi_scripts/stability_test.py,/content/Rock_Burial_RaspberryPi_Edge_Deployment_FINAL_OPTIMIZED/05_raspberry_pi_scripts/stability_test.py,4381,0.004178047180175781,205d2051e278a6b199acb38df084a62426b2b59b21ad8a8f2f532d4d0307102a
05_raspberry_pi_scripts/verify_environment.py,/content/Rock_Burial_RaspberryPi_Edge_Deployment_FINAL_OPTIMIZED/05_raspberry_pi_scripts/verify_environment.py,1653,0.0015764236450195312,e8734df5dea79e2c3f7b0344f431dc6c452f647c7411d3167326df2a98fa0b8b
07_manifests_checksums/edge_test_90_image_resolution_and_size_manifest.csv,/content/Rock_Burial_RaspberryPi_Edge_Deployment_FINAL_OPTIMIZED/07_manifests_checksums/edge_test_90_image_resolution_and_size_manifest.csv,95393,0.0909738540649414,0dddd9c5ceb391b6e28d545a2185a5820e876c671ffc446644ac80f1f121a8fb
07_manifests_checksums/int8_calibration_200_manifest.csv,/content/Rock_Burial_RaspberryPi_Edge_Deployment_FINAL_OPTIMIZED/07_manifests_checksums/int8_calibration_200_manifest.csv,56949,0.05431079864501953,5e325ed29f71d9b373df2def0d6cc4ab718d344ad617d2bbc397c7d548f9ce1a
07_manifests_checksums/six_model_export_status_and_sizes.csv,/content/Rock_Burial_RaspberryPi_Edge_Deployment_FINAL_OPTIMIZED/07_manifests_checksums/six_model_export_status_and_sizes.csv,1175,0.0011205673217773438,ea8b875bae5297ba17e84f3730cb4b2d6af5e5188f0b78f87dfd355a66bc5715
07_manifests_checksums/smoke_test_10_manifest.csv,/content/Rock_Burial_RaspberryPi_Edge_Deployment_FINAL_OPTIMIZED/07_manifests_checksums/smoke_test_10_manifest.csv,15367,0.014655113220214844,132a7a03f6f8bd04d99eeb86c80f5516432a5993b10296d3d48dc5e1e1cbbce3
visualization/01_dataset_audit/V001_class_distribution.png,/content/Rock_Burial_RaspberryPi_Edge_Deployment_FINAL_OPTIMIZED/visualization/01_dataset_audit/V001_class_distribution.png,59580,0.056819915771484375,d6647656edd9ef0092674fb6777de514cf12c0bdef00e149870d28e621085342
visualization/01_dataset_audit/V002_image_strata_distribution.png,/content/Rock_Burial_RaspberryPi_Edge_Deployment_FINAL_OPTIMIZED/visualization/01_dataset_audit/V002_image_strata_distribution.png,41258,0.03934669494628906,c668b983e0dc41e6162e1d8a3ea204c8273e21ccc3f773aa7eea9e87cc2245ad
visualization/01_dataset_audit/V003_rock_count_per_image_visual.png,/content/Rock_Burial_RaspberryPi_Edge_Deployment_FINAL_OPTIMIZED/visualization/01_dataset_audit/V003_rock_count_per_image_visual.png,80372,0.07664871215820312,456989e7321f64d0f1a13324213aacdee955ef8a226120fc342087c6220a6d98
visualization/02_before_training/V004_before_training_ground_truth_contact_sheet.png,/content/Rock_Burial_RaspberryPi_Edge_Deployment_FINAL_OPTIMIZED/visualization/02_before_training/V004_before_training_ground_truth_contact_sheet.png,19339379,18.443469047546387,6b29de648b6b001defc1a532e29346e6f00cce313636b8deac82493c76d2168f
visualization/02_before_training/V005_before_training_clip_zero_shot_confusion_matrix.png,/content/Rock_Burial_RaspberryPi_Edge_Deployment_FINAL_OPTIMIZED/visualization/02_before_training/V005_before_training_clip_zero_shot_confusion_matrix.png,64724,0.061725616455078125,8011165258b3fd4bd33cf35d04e3c3baa596fbe8d73041b253fc07092a388596
visualization/02_before_training/V006_before_training_clip_zero_shot_examples.png,/content/Rock_Burial_RaspberryPi_Edge_Deployment_FINAL_OPTIMIZED/visualization/02_before_training/V006_before_training_clip_zero_shot_examples.png,9328704,8.89654541015625,63bc7e730f1a13e03d0ae21780d650036c811f0b6cacc7b37d940717536859aa
visualization/04_clip_analysis/V007_clip_linear_probe_training_curve.png,/content/Rock_Burial_RaspberryPi_Edge_Deployment_FINAL_OPTIMIZED/visualization/04_clip_analysis/V007_clip_linear_probe_training_curve.png,73616,0.0702056884765625,3efe5c3b8b462d89653516f25082c6b6a813d3b01147df4674bd0e8ef53fbfb6
visualization/04_clip_analysis/V008_after_training_clip_confusion_matrix.png,/content/Rock_Burial_RaspberryPi_Edge_Deployment_FINAL_OPTIMIZED/visualization/04_clip_analysis/V008_after_training_clip_confusion_matrix.png,62431,0.059538841247558594,7e328017d3eb79f68d426b77a967f01abc0f970d14165e19bfda3326bb5161fc
visualization/04_clip_analysis/V009_after_training_clip_examples.png,/content/Rock_Burial_RaspberryPi_Edge_Deployment_FINAL_OPTIMIZED/visualization/04_clip_analysis/V009_after_training_clip_examples.png,9259764,8.830799102783203,5b37c2ced1f52000393048c4c7e021d6f9e711c697f9e930b682486afba49d02
visualization/05_model_comparison/V010_yolo_comparison_f1.png,/content/Rock_Burial_RaspberryPi_Edge_Deployment_FINAL_OPTIMIZED/visualization/05_model_comparison/V010_yolo_comparison_f1.png,34190,0.03260612487792969,fbb215019c02c4d077ad3879a857e0ff19901e251ad65b49e043931eadaa1130
visualization/05_model_comparison/V011_yolo_comparison_mAP50.png,/content/Rock_Burial_RaspberryPi_Edge_Deployment_FINAL_OPTIMIZED/visualization/05_model_comparison/V011_yolo_comparison_mAP50.png,38320,0.0365447998046875,11329245342f9524eed31c8385522b0225148a020bd0e02217c5b7b2818f0e29
visualization/05_model_comparison/V012_yolo_comparison_mAP50_95.png,/content/Rock_Burial_RaspberryPi_Edge_Deployment_FINAL_OPTIMIZED/visualization/05_model_comparison/V012_yolo_comparison_mAP50_95.png,40762,0.03887367248535156,36aca68691e232aa2da8c9729f3334ed5df40d6921ec50ff69bb6064cb5187e4
visualization/05_model_comparison/V013_yolo_comparison_precision.png,/content/Rock_Burial_RaspberryPi_Edge_Deployment_FINAL_OPTIMIZED/visualization/05_model_comparison/V013_yolo_comparison_precision.png,39138,0.03732490539550781,ce2a453876e2bbf09e806c30859ad8924ce26c53f437858a5c82fb56ba87a0f1
visualization/05_model_comparison/V014_yolo_comparison_recall.png,/content/Rock_Burial_RaspberryPi_Edge_Deployment_FINAL_OPTIMIZED/visualization/05_model_comparison/V014_yolo_comparison_recall.png,36950,0.03523826599121094,127a06d3d641af1fb3f5de030bd279a9ffc2cbce04e74feb5bf946e092c60122
visualization/05_model_comparison/V015_after_training_YOLO11n_confusion_matrix_2x2.png,/content/Rock_Burial_RaspberryPi_Edge_Deployment_FINAL_OPTIMIZED/visualization/05_model_comparison/V015_after_training_YOLO11n_confusion_matrix_2x2.png,65437,0.06240558624267578,d7b79a61aa1baf8055593723306b37e7ddb46ba38350702700225dce02191845
visualization/05_model_comparison/V016_after_training_YOLO11s_confusion_matrix_2x2.png,/content/Rock_Burial_RaspberryPi_Edge_Deployment_FINAL_OPTIMIZED/visualization/05_model_comparison/V016_after_training_YOLO11s_confusion_matrix_2x2.png,65330,0.06230354309082031,4dd72489f0afddb24554c1f2c8dd394f08a2a30273e7bf1402ce5403d652a5fe
visualization/05_model_comparison/V017_after_training_YOLOv8n_confusion_matrix_2x2.png,/content/Rock_Burial_RaspberryPi_Edge_Deployment_FINAL_OPTIMIZED/visualization/05_model_comparison/V017_after_training_YOLOv8n_confusion_matrix_2x2.png,66045,0.06298542022705078,22cabab17383e7d003cda5a6d0400247f593d43176c59661c34f912a788f446b
visualization/05_model_comparison/V018_after_training_YOLO11n_confusion_matrix_3x3.png,/content/Rock_Burial_RaspberryPi_Edge_Deployment_FINAL_OPTIMIZED/visualization/05_model_comparison/V018_after_training_YOLO11n_confusion_matrix_3x3.png,76718,0.07316398620605469,7007f29a6a279f99c5d41c4629b3be8e508451e0bb6869cb450e8904edb41d14
visualization/05_model_comparison/V019_after_training_YOLO11s_confusion_matrix_3x3.png,/content/Rock_Burial_RaspberryPi_Edge_Deployment_FINAL_OPTIMIZED/visualization/05_model_comparison/V019_after_training_YOLO11s_confusion_matrix_3x3.png,77277,0.07369709014892578,3dc6e03462fe8428d60ebf0b94de8d3fdf291eeb6b1a8d1aecb7f826043a138d
visualization/05_model_comparison/V020_after_training_YOLOv8n_confusion_matrix_3x3.png,/content/Rock_Burial_RaspberryPi_Edge_Deployment_FINAL_OPTIMIZED/visualization/05_model_comparison/V020_after_training_YOLOv8n_confusion_matrix_3x3.png,77977,0.07436466217041016,1c24f3f4fc54abbd8cb8b31fc350c726ac894c654ba4a71a7d828207c4413872
visualization/05_model_comparison/V025_results.png,/content/Rock_Burial_RaspberryPi_Edge_Deployment_FINAL_OPTIMIZED/visualization/05_model_comparison/V025_results.png,286223,0.2729635238647461,7c38dfc98fe2151225adfbbe09fca2f6118edce189cb636c3a472841b63558a0
visualization/05_model_comparison/V026_confusion_matrix.png,/content/Rock_Burial_RaspberryPi_Edge_Deployment_FINAL_OPTIMIZED/visualization/05_model_comparison/V026_confusion_matrix.png,132062,0.1259441375732422,2e039fd0d0b4304350f5f5f948f6de8706b6cc018bfdb3f5ad0707aa547d99da
visualization/05_model_comparison/V027_confusion_matrix_normalized.png,/content/Rock_Burial_RaspberryPi_Edge_Deployment_FINAL_OPTIMIZED/visualization/05_model_comparison/V027_confusion_matrix_normalized.png,147963,0.14110851287841797,453c9da6f5969677a65ce25e53e5d20488c47fc6819d01f585ebc7dfa566312f
visualization/05_model_comparison/V028_labels.jpg,/content/Rock_Burial_RaspberryPi_Edge_Deployment_FINAL_OPTIMIZED/visualization/05_model_comparison/V028_labels.jpg,151048,0.14405059814453125,f29c52441bdcb2c35b0f1b8d16cb363c8a6a179fe74829414456b65061d819ce
visualization/06_final_pipeline/V021_final_rock_count_predictions.png,/content/Rock_Burial_RaspberryPi_Edge_Deployment_FINAL_OPTIMIZED/visualization/06_final_pipeline/V021_final_rock_count_predictions.png,9828725,9.37340259552002,0de1f478a72fdcc4f9adbbc0d657234ad4631f77090f5dbb49a706cccfd651f0
visualization/06_final_pipeline/V022_before_after_selected_detector_comparison.png,/content/Rock_Burial_RaspberryPi_Edge_Deployment_FINAL_OPTIMIZED/visualization/06_final_pipeline/V022_before_after_selected_detector_comparison.png,10787556,10.28781509399414,fab708b358fdc21c0ac85c71811593b1c6112bed67ec098a05f1eafb2b3a6025
visualization/06_final_pipeline/V023_final_pipeline_diagram.png,/content/Rock_Burial_RaspberryPi_Edge_Deployment_FINAL_OPTIMIZED/visualization/06_final_pipeline/V023_final_pipeline_diagram.png,240835,0.22967815399169922,933f5992a7b17c14229f65c15b078c66933943b2fce9f7e308027c15f8e0118f
visualization/07_edge_deployment/V024_raspberry_pi_edge_deployment_pipeline.png,/content/Rock_Burial_RaspberryPi_Edge_Deployment_FINAL_OPTIMIZED/visualization/07_edge_deployment/V024_raspberry_pi_edge_deployment_pipeline.png,128136,0.12220001220703125,97c151fc14054806bd763fde2de4fe8a992efd354d7554e0058ed609e460322c
visualization/08_raspberry_pi_runtime/README_RASPBERRY_PI_RUNTIME_VISUALIZATIONS.txt,/content/Rock_Burial_RaspberryPi_Edge_Deployment_FINAL_OPTIMIZED/visualization/08_raspberry_pi_runtime/README_RASPBERRY_PI_RUNTIME_VISUALIZATIONS.txt,525,0.0005006790161132812,ec6422200afb21811962bcbd3ca5769a8d3026ce0561595eebdcac7075252f02
visualization/README_VISUALIZATION_FOLDER.txt,/content/Rock_Burial_RaspberryPi_Edge_Deployment_FINAL_OPTIMIZED/visualization/README_VISUALIZATION_FOLDER.txt,309,0.00029468536376953125,4ee4dc4eb8b96092e9ef434e4f920e36731f9b4af15da8623ffb40adbad5801f
visualization/VISUALIZATION_FILES_LIST.txt,/content/Rock_Burial_RaspberryPi_Edge_Deployment_FINAL_OPTIMIZED/visualization/VISUALIZATION_FILES_LIST.txt,4449,0.004242897033691406,398352484838a737dcb261257c705a634574b0978ef13f08bb6b36b372c6d68e
visualization/visualization_registry.csv,/content/Rock_Burial_RaspberryPi_Edge_Deployment_FINAL_OPTIMIZED/visualization/visualization_registry.csv,12421,0.011845588684082031,7b493b4d82f393d9dec4781382b254ff89b60239fb9d3229f611b9fa8bdfffbc
