image,label,width,height,file_size_bytes,stratum,class_0_objects,class_1_objects
/content/Rock_Burial_RaspberryPi_Edge_Deployment_FINAL_OPTIMIZED/04_int8_calibration_200/images/train/image_247_abf1dc99.jpg,/content/Rock_Burial_RaspberryPi_Edge_Deployment_FINAL_OPTIMIZED/04_int8_calibration_200/labels/train/image_247_abf1dc99.txt,3024,4032,5388322,class_0_only,1,0
/content/Rock_Burial_RaspberryPi_Edge_Deployment_FINAL_OPTIMIZED/04_int8_calibration_200/images/train/image_080_d7eeabb9.jpg,/content/Rock_Burial_RaspberryPi_Edge_Deployment_FINAL_OPTIMIZED/04_int8_calibration_200/labels/train/image_080_d7eeabb9.txt,3024,4032,6207194,class_0_only,1,0
/content/Rock_Burial_RaspberryPi_Edge_Deployment_FINAL_OPTIMIZED/04_int8_calibration_200/images/train/image_402_76ee5058.jpg,/content/Rock_Burial_RaspberryPi_Edge_Deployment_FINAL_OPTIMIZED/04_int8_calibration_200/labels/train/image_402_76ee5058.txt,3024,4032,7271968,class_0_only,1,0
/content/Rock_Burial_RaspberryPi_Edge_Deployment_FINAL_OPTIMIZED/04_int8_calibration_200/images/train/image_227_52660439.jpg,/content/Rock_Burial_RaspberryPi_Edge_Deployment_FINAL_OPTIMIZED/04_int8_calibration_200/labels/train/image_227_52660439.txt,3024,4032,6151428,class_0_only,1,0
/content/Rock_Burial_RaspberryPi_Edge_Deployment_FINAL_OPTIMIZED/04_int8_calibration_200/images/train/image_169_7c954486.jpg,/content/Rock_Burial_RaspberryPi_Edge_Deployment_FINAL_OPTIMIZED/04_int8_calibration_200/labels/train/image_169_7c954486.txt,3024,4032,5901392,class_0_only,1,0
/content/Rock_Burial_RaspberryPi_Edge_Deployment_FINAL_OPTIMIZED/04_int8_calibration_200/images/train/image_065_91a6b7c1.jpg,/content/Rock_Burial_RaspberryPi_Edge_Deployment_FINAL_OPTIMIZED/04_int8_calibration_200/labels/train/image_065_91a6b7c1.txt,3024,4032,5508506,class_0_only,1,0
/content/Rock_Burial_RaspberryPi_Edge_Deployment_FINAL_OPTIMIZED/04_int8_calibration_200/images/train/image_221_7622d765.jpg,/content/Rock_Burial_RaspberryPi_Edge_Deployment_FINAL_OPTIMIZED/04_int8_calibration_200/labels/train/image_221_7622d765.txt,3024,4032,7657385,class_0_only,1,0
/content/Rock_Burial_RaspberryPi_Edge_Deployment_FINAL_OPTIMIZED/04_int8_calibration_200/images/train/image_233_68afc1df.jpg,/content/Rock_Burial_RaspberryPi_Edge_Deployment_FINAL_OPTIMIZED/04_int8_calibration_200/labels/train/image_233_68afc1df.txt,3024,4032,7032936,class_0_only,1,0
/content/Rock_Burial_RaspberryPi_Edge_Deployment_FINAL_OPTIMIZED/04_int8_calibration_200/images/train/image_185_0c058806.jpg,/content/Rock_Burial_RaspberryPi_Edge_Deployment_FINAL_OPTIMIZED/04_int8_calibration_200/labels/train/image_185_0c058806.txt,3024,4032,5552998,class_0_only,1,0
/content/Rock_Burial_RaspberryPi_Edge_Deployment_FINAL_OPTIMIZED/04_int8_calibration_200/images/train/image_120_49941cf5.jpg,/content/Rock_Burial_RaspberryPi_Edge_Deployment_FINAL_OPTIMIZED/04_int8_calibration_200/labels/train/image_120_49941cf5.txt,3024,4032,6607167,class_0_only,1,0
/content/Rock_Burial_RaspberryPi_Edge_Deployment_FINAL_OPTIMIZED/04_int8_calibration_200/images/train/image_003_c06807d6.jpg,/content/Rock_Burial_RaspberryPi_Edge_Deployment_FINAL_OPTIMIZED/04_int8_calibration_200/labels/train/image_003_c06807d6.txt,2268,4032,3806619,class_0_only,1,0
/content/Rock_Burial_RaspberryPi_Edge_Deployment_FINAL_OPTIMIZED/04_int8_calibration_200/images/train/image_011_0599f01c.jpg,/content/Rock_Burial_RaspberryPi_Edge_Deployment_FINAL_OPTIMIZED/04_int8_calibration_200/labels/train/image_011_0599f01c.txt,2268,4032,3471267,class_0_only,1,0
/content/Rock_Burial_RaspberryPi_Edge_Deployment_FINAL_OPTIMIZED/04_int8_calibration_200/images/train/image_206_367c6d33.jpg,/content/Rock_Burial_RaspberryPi_Edge_Deployment_FINAL_OPTIMIZED/04_int8_calibration_200/labels/train/image_206_367c6d33.txt,3024,4032,6614797,class_0_only,1,0
/content/Rock_Burial_RaspberryPi_Edge_Deployment_FINAL_OPTIMIZED/04_int8_calibration_200/images/train/image_393_3b98f3a1.jpg,/content/Rock_Burial_RaspberryPi_Edge_Deployment_FINAL_OPTIMIZED/04_int8_calibration_200/labels/train/image_393_3b98f3a1.txt,3024,4032,8218789,class_0_only,1,0
/content/Rock_Burial_RaspberryPi_Edge_Deployment_FINAL_OPTIMIZED/04_int8_calibration_200/images/train/image_082_206a328e.jpg,/content/Rock_Burial_RaspberryPi_Edge_Deployment_FINAL_OPTIMIZED/04_int8_calibration_200/labels/train/image_082_206a328e.txt,3024,4032,6350052,class_0_only,1,0
/content/Rock_Burial_RaspberryPi_Edge_Deployment_FINAL_OPTIMIZED/04_int8_calibration_200/images/train/image_030_9ffb46d8.jpg,/content/Rock_Burial_RaspberryPi_Edge_Deployment_FINAL_OPTIMIZED/04_int8_calibration_200/labels/train/image_030_9ffb46d8.txt,2268,4032,3211612,class_0_only,1,0
/content/Rock_Burial_RaspberryPi_Edge_Deployment_FINAL_OPTIMIZED/04_int8_calibration_200/images/train/image_243_5a2f7b4c.jpg,/content/Rock_Burial_RaspberryPi_Edge_Deployment_FINAL_OPTIMIZED/04_int8_calibration_200/labels/train/image_243_5a2f7b4c.txt,3024,4032,7181627,class_0_only,1,0
/content/Rock_Burial_RaspberryPi_Edge_Deployment_FINAL_OPTIMIZED/04_int8_calibration_200/images/train/image_059_08570555.jpg,/content/Rock_Burial_RaspberryPi_Edge_Deployment_FINAL_OPTIMIZED/04_int8_calibration_200/labels/train/image_059_08570555.txt,3024,4032,6468977,class_0_only,1,0
/content/Rock_Burial_RaspberryPi_Edge_Deployment_FINAL_OPTIMIZED/04_int8_calibration_200/images/train/image_183_2d821b53.jpg,/content/Rock_Burial_RaspberryPi_Edge_Deployment_FINAL_OPTIMIZED/04_int8_calibration_200/labels/train/image_183_2d821b53.txt,3024,4032,5611921,class_0_only,1,0
/content/Rock_Burial_RaspberryPi_Edge_Deployment_FINAL_OPTIMIZED/04_int8_calibration_200/images/train/image_070_f01598f0.jpg,/content/Rock_Burial_RaspberryPi_Edge_Deployment_FINAL_OPTIMIZED/04_int8_calibration_200/labels/train/image_070_f01598f0.txt,3024,4032,5191267,class_0_only,1,0
/content/Rock_Burial_RaspberryPi_Edge_Deployment_FINAL_OPTIMIZED/04_int8_calibration_200/images/train/image_427_c5dc048e.jpg,/content/Rock_Burial_RaspberryPi_Edge_Deployment_FINAL_OPTIMIZED/04_int8_calibration_200/labels/train/image_427_c5dc048e.txt,3024,4032,7804997,class_0_only,1,0
/content/Rock_Burial_RaspberryPi_Edge_Deployment_FINAL_OPTIMIZED/04_int8_calibration_200/images/train/image_248_346c2929.jpg,/content/Rock_Burial_RaspberryPi_Edge_Deployment_FINAL_OPTIMIZED/04_int8_calibration_200/labels/train/image_248_346c2929.txt,3024,4032,7366823,class_0_only,1,0
/content/Rock_Burial_RaspberryPi_Edge_Deployment_FINAL_OPTIMIZED/04_int8_calibration_200/images/train/image_031_55eae220.jpg,/content/Rock_Burial_RaspberryPi_Edge_Deployment_FINAL_OPTIMIZED/04_int8_calibration_200/labels/train/image_031_55eae220.txt,2268,4032,3698477,class_0_only,1,0
/content/Rock_Burial_RaspberryPi_Edge_Deployment_FINAL_OPTIMIZED/04_int8_calibration_200/images/train/image_001_85b6caad.jpg,/content/Rock_Burial_RaspberryPi_Edge_Deployment_FINAL_OPTIMIZED/04_int8_calibration_200/labels/train/image_001_85b6caad.txt,2268,4032,3679663,class_0_only,1,0
/content/Rock_Burial_RaspberryPi_Edge_Deployment_FINAL_OPTIMIZED/04_int8_calibration_200/images/train/image_119_95cbe571.jpg,/content/Rock_Burial_RaspberryPi_Edge_Deployment_FINAL_OPTIMIZED/04_int8_calibration_200/labels/train/image_119_95cbe571.txt,3024,4032,7072219,class_0_only,1,0
/content/Rock_Burial_RaspberryPi_Edge_Deployment_FINAL_OPTIMIZED/04_int8_calibration_200/images/train/image_391_729bbe73.jpg,/content/Rock_Burial_RaspberryPi_Edge_Deployment_FINAL_OPTIMIZED/04_int8_calibration_200/labels/train/image_391_729bbe73.txt,3024,4032,8178626,class_0_only,1,0
/content/Rock_Burial_RaspberryPi_Edge_Deployment_FINAL_OPTIMIZED/04_int8_calibration_200/images/train/image_404_6f2b5e64.jpg,/content/Rock_Burial_RaspberryPi_Edge_Deployment_FINAL_OPTIMIZED/04_int8_calibration_200/labels/train/image_404_6f2b5e64.txt,3024,4032,6802659,class_0_only,1,0
/content/Rock_Burial_RaspberryPi_Edge_Deployment_FINAL_OPTIMIZED/04_int8_calibration_200/images/train/image_032_07b0c64a.jpg,/content/Rock_Burial_RaspberryPi_Edge_Deployment_FINAL_OPTIMIZED/04_int8_calibration_200/labels/train/image_032_07b0c64a.txt,2268,4032,2786287,class_0_only,1,0
/content/Rock_Burial_RaspberryPi_Edge_Deployment_FINAL_OPTIMIZED/04_int8_calibration_200/images/train/image_224_0f4bd84e.jpg,/content/Rock_Burial_RaspberryPi_Edge_Deployment_FINAL_OPTIMIZED/04_int8_calibration_200/labels/train/image_224_0f4bd84e.txt,3024,4032,7545471,class_0_only,1,0
/content/Rock_Burial_RaspberryPi_Edge_Deployment_FINAL_OPTIMIZED/04_int8_calibration_200/images/train/image_438_03227882.jpg,/content/Rock_Burial_RaspberryPi_Edge_Deployment_FINAL_OPTIMIZED/04_int8_calibration_200/labels/train/image_438_03227882.txt,3024,4032,8376799,class_0_only,1,0
/content/Rock_Burial_RaspberryPi_Edge_Deployment_FINAL_OPTIMIZED/04_int8_calibration_200/images/train/image_216_eee292bd.jpg,/content/Rock_Burial_RaspberryPi_Edge_Deployment_FINAL_OPTIMIZED/04_int8_calibration_200/labels/train/image_216_eee292bd.txt,3024,4032,6110028,class_0_only,1,0
/content/Rock_Burial_RaspberryPi_Edge_Deployment_FINAL_OPTIMIZED/04_int8_calibration_200/images/train/image_230_bacbe273.jpg,/content/Rock_Burial_RaspberryPi_Edge_Deployment_FINAL_OPTIMIZED/04_int8_calibration_200/labels/train/image_230_bacbe273.txt,3024,4032,7473410,class_0_only,1,0
/content/Rock_Burial_RaspberryPi_Edge_Deployment_FINAL_OPTIMIZED/04_int8_calibration_200/images/train/image_013_d393a1cc.jpg,/content/Rock_Burial_RaspberryPi_Edge_Deployment_FINAL_OPTIMIZED/04_int8_calibration_200/labels/train/image_013_d393a1cc.txt,2268,4032,3654351,class_0_only,1,0
/content/Rock_Burial_RaspberryPi_Edge_Deployment_FINAL_OPTIMIZED/04_int8_calibration_200/images/train/image_006_8979e0be.jpg,/content/Rock_Burial_RaspberryPi_Edge_Deployment_FINAL_OPTIMIZED/04_int8_calibration_200/labels/train/image_006_8979e0be.txt,2268,4032,3567771,class_0_only,1,0
/content/Rock_Burial_RaspberryPi_Edge_Deployment_FINAL_OPTIMIZED/04_int8_calibration_200/images/train/image_162_4775c3a7.jpg,/content/Rock_Burial_RaspberryPi_Edge_Deployment_FINAL_OPTIMIZED/04_int8_calibration_200/labels/train/image_162_4775c3a7.txt,2268,4032,6001125,class_0_only,1,0
/content/Rock_Burial_RaspberryPi_Edge_Deployment_FINAL_OPTIMIZED/04_int8_calibration_200/images/train/image_177_2fc526a0.jpg,/content/Rock_Burial_RaspberryPi_Edge_Deployment_FINAL_OPTIMIZED/04_int8_calibration_200/labels/train/image_177_2fc526a0.txt,3024,4032,6349298,class_0_only,1,0
/content/Rock_Burial_RaspberryPi_Edge_Deployment_FINAL_OPTIMIZED/04_int8_calibration_200/images/train/image_079_276fb2ec.jpg,/content/Rock_Burial_RaspberryPi_Edge_Deployment_FINAL_OPTIMIZED/04_int8_calibration_200/labels/train/image_079_276fb2ec.txt,3024,4032,6310841,class_0_only,1,0
/content/Rock_Burial_RaspberryPi_Edge_Deployment_FINAL_OPTIMIZED/04_int8_calibration_200/images/train/image_081_f3ec9e65.jpg,/content/Rock_Burial_RaspberryPi_Edge_Deployment_FINAL_OPTIMIZED/04_int8_calibration_200/labels/train/image_081_f3ec9e65.txt,3024,4032,6549992,class_0_only,1,0
/content/Rock_Burial_RaspberryPi_Edge_Deployment_FINAL_OPTIMIZED/04_int8_calibration_200/images/train/image_414_e1b35d0e.jpg,/content/Rock_Burial_RaspberryPi_Edge_Deployment_FINAL_OPTIMIZED/04_int8_calibration_200/labels/train/image_414_e1b35d0e.txt,3024,4032,8269156,class_0_only,1,0
/content/Rock_Burial_RaspberryPi_Edge_Deployment_FINAL_OPTIMIZED/04_int8_calibration_200/images/train/image_428_9dd7adc4.jpg,/content/Rock_Burial_RaspberryPi_Edge_Deployment_FINAL_OPTIMIZED/04_int8_calibration_200/labels/train/image_428_9dd7adc4.txt,3024,4032,8343979,class_0_only,1,0
/content/Rock_Burial_RaspberryPi_Edge_Deployment_FINAL_OPTIMIZED/04_int8_calibration_200/images/train/image_029_342b15c7.jpg,/content/Rock_Burial_RaspberryPi_Edge_Deployment_FINAL_OPTIMIZED/04_int8_calibration_200/labels/train/image_029_342b15c7.txt,2268,4032,2888517,class_0_only,1,0
/content/Rock_Burial_RaspberryPi_Edge_Deployment_FINAL_OPTIMIZED/04_int8_calibration_200/images/train/image_118_102600b7.jpg,/content/Rock_Burial_RaspberryPi_Edge_Deployment_FINAL_OPTIMIZED/04_int8_calibration_200/labels/train/image_118_102600b7.txt,3024,4032,6455338,class_0_only,1,0
/content/Rock_Burial_RaspberryPi_Edge_Deployment_FINAL_OPTIMIZED/04_int8_calibration_200/images/train/image_122_b54e82bc.jpg,/content/Rock_Burial_RaspberryPi_Edge_Deployment_FINAL_OPTIMIZED/04_int8_calibration_200/labels/train/image_122_b54e82bc.txt,3024,4032,6798479,class_0_only,1,0
/content/Rock_Burial_RaspberryPi_Edge_Deployment_FINAL_OPTIMIZED/04_int8_calibration_200/images/train/image_074_caba1153.jpg,/content/Rock_Burial_RaspberryPi_Edge_Deployment_FINAL_OPTIMIZED/04_int8_calibration_200/labels/train/image_074_caba1153.txt,3024,4032,5722055,class_0_only,1,0
/content/Rock_Burial_RaspberryPi_Edge_Deployment_FINAL_OPTIMIZED/04_int8_calibration_200/images/train/image_434_0d451ba8.jpg,/content/Rock_Burial_RaspberryPi_Edge_Deployment_FINAL_OPTIMIZED/04_int8_calibration_200/labels/train/image_434_0d451ba8.txt,3024,4032,8173674,class_0_only,1,0
/content/Rock_Burial_RaspberryPi_Edge_Deployment_FINAL_OPTIMIZED/04_int8_calibration_200/images/train/image_125_5398e632.jpg,/content/Rock_Burial_RaspberryPi_Edge_Deployment_FINAL_OPTIMIZED/04_int8_calibration_200/labels/train/image_125_5398e632.txt,3024,4032,6314396,class_0_only,1,0
/content/Rock_Burial_RaspberryPi_Edge_Deployment_FINAL_OPTIMIZED/04_int8_calibration_200/images/train/image_055_ab7356a4.jpg,/content/Rock_Burial_RaspberryPi_Edge_Deployment_FINAL_OPTIMIZED/04_int8_calibration_200/labels/train/image_055_ab7356a4.txt,3024,4032,6526813,class_0_only,1,0
/content/Rock_Burial_RaspberryPi_Edge_Deployment_FINAL_OPTIMIZED/04_int8_calibration_200/images/train/image_037_84fe01a4.jpg,/content/Rock_Burial_RaspberryPi_Edge_Deployment_FINAL_OPTIMIZED/04_int8_calibration_200/labels/train/image_037_84fe01a4.txt,2268,4032,2536022,class_0_only,1,0
/content/Rock_Burial_RaspberryPi_Edge_Deployment_FINAL_OPTIMIZED/04_int8_calibration_200/images/train/image_235_309e9923.jpg,/content/Rock_Burial_RaspberryPi_Edge_Deployment_FINAL_OPTIMIZED/04_int8_calibration_200/labels/train/image_235_309e9923.txt,3024,4032,6550163,class_0_only,1,0
/content/Rock_Burial_RaspberryPi_Edge_Deployment_FINAL_OPTIMIZED/04_int8_calibration_200/images/train/image_115_cd778f10.jpg,/content/Rock_Burial_RaspberryPi_Edge_Deployment_FINAL_OPTIMIZED/04_int8_calibration_200/labels/train/image_115_cd778f10.txt,3024,4032,4212754,class_0_only,1,0
/content/Rock_Burial_RaspberryPi_Edge_Deployment_FINAL_OPTIMIZED/04_int8_calibration_200/images/train/image_128_a07bff6b.jpg,/content/Rock_Burial_RaspberryPi_Edge_Deployment_FINAL_OPTIMIZED/04_int8_calibration_200/labels/train/image_128_a07bff6b.txt,3024,4032,6726809,class_0_only,1,0
/content/Rock_Burial_RaspberryPi_Edge_Deployment_FINAL_OPTIMIZED/04_int8_calibration_200/images/train/image_026_3920b76a.jpg,/content/Rock_Burial_RaspberryPi_Edge_Deployment_FINAL_OPTIMIZED/04_int8_calibration_200/labels/train/image_026_3920b76a.txt,2268,4032,2403669,class_0_only,1,0
/content/Rock_Burial_RaspberryPi_Edge_Deployment_FINAL_OPTIMIZED/04_int8_calibration_200/images/train/image_145_2655d58c.jpg,/content/Rock_Burial_RaspberryPi_Edge_Deployment_FINAL_OPTIMIZED/04_int8_calibration_200/labels/train/image_145_2655d58c.txt,2268,4032,5542910,class_0_only,1,0
/content/Rock_Burial_RaspberryPi_Edge_Deployment_FINAL_OPTIMIZED/04_int8_calibration_200/images/train/image_334_0864acad.jpg,/content/Rock_Burial_RaspberryPi_Edge_Deployment_FINAL_OPTIMIZED/04_int8_calibration_200/labels/train/image_334_0864acad.txt,3024,4032,8304440,class_0_only,1,0
/content/Rock_Burial_RaspberryPi_Edge_Deployment_FINAL_OPTIMIZED/04_int8_calibration_200/images/train/image_361_5889f033.jpg,/content/Rock_Burial_RaspberryPi_Edge_Deployment_FINAL_OPTIMIZED/04_int8_calibration_200/labels/train/image_361_5889f033.txt,3024,4032,8213926,class_0_only,1,0
/content/Rock_Burial_RaspberryPi_Edge_Deployment_FINAL_OPTIMIZED/04_int8_calibration_200/images/train/image_010_0371f561.jpg,/content/Rock_Burial_RaspberryPi_Edge_Deployment_FINAL_OPTIMIZED/04_int8_calibration_200/labels/train/image_010_0371f561.txt,2268,4032,3623526,class_0_only,1,0
/content/Rock_Burial_RaspberryPi_Edge_Deployment_FINAL_OPTIMIZED/04_int8_calibration_200/images/train/image_412_7a1ab9b9.jpg,/content/Rock_Burial_RaspberryPi_Edge_Deployment_FINAL_OPTIMIZED/04_int8_calibration_200/labels/train/image_412_7a1ab9b9.txt,4032,3024,6449439,class_0_only,1,0
/content/Rock_Burial_RaspberryPi_Edge_Deployment_FINAL_OPTIMIZED/04_int8_calibration_200/images/train/image_087_12b74a7b.jpg,/content/Rock_Burial_RaspberryPi_Edge_Deployment_FINAL_OPTIMIZED/04_int8_calibration_200/labels/train/image_087_12b74a7b.txt,3024,4032,6504021,class_0_only,1,0
/content/Rock_Burial_RaspberryPi_Edge_Deployment_FINAL_OPTIMIZED/04_int8_calibration_200/images/train/image_071_71ec799d.jpg,/content/Rock_Burial_RaspberryPi_Edge_Deployment_FINAL_OPTIMIZED/04_int8_calibration_200/labels/train/image_071_71ec799d.txt,3024,4032,6090990,class_0_only,1,0
/content/Rock_Burial_RaspberryPi_Edge_Deployment_FINAL_OPTIMIZED/04_int8_calibration_200/images/train/image_297_720192bb.jpg,/content/Rock_Burial_RaspberryPi_Edge_Deployment_FINAL_OPTIMIZED/04_int8_calibration_200/labels/train/image_297_720192bb.txt,4032,3024,6004178,class_0_only,2,0
/content/Rock_Burial_RaspberryPi_Edge_Deployment_FINAL_OPTIMIZED/04_int8_calibration_200/images/train/image_130_262e13ed.jpg,/content/Rock_Burial_RaspberryPi_Edge_Deployment_FINAL_OPTIMIZED/04_int8_calibration_200/labels/train/image_130_262e13ed.txt,3024,4032,6566608,class_0_only,1,0
/content/Rock_Burial_RaspberryPi_Edge_Deployment_FINAL_OPTIMIZED/04_int8_calibration_200/images/train/image_110_bea3f20c.jpg,/content/Rock_Burial_RaspberryPi_Edge_Deployment_FINAL_OPTIMIZED/04_int8_calibration_200/labels/train/image_110_bea3f20c.txt,3024,4032,6237141,class_0_only,1,0
/content/Rock_Burial_RaspberryPi_Edge_Deployment_FINAL_OPTIMIZED/04_int8_calibration_200/images/train/image_249_85019915.jpg,/content/Rock_Burial_RaspberryPi_Edge_Deployment_FINAL_OPTIMIZED/04_int8_calibration_200/labels/train/image_249_85019915.txt,3024,4032,7299030,class_0_only,1,0
/content/Rock_Burial_RaspberryPi_Edge_Deployment_FINAL_OPTIMIZED/04_int8_calibration_200/images/train/image_405_900b4bd9.jpg,/content/Rock_Burial_RaspberryPi_Edge_Deployment_FINAL_OPTIMIZED/04_int8_calibration_200/labels/train/image_405_900b4bd9.txt,4032,3024,7868507,class_0_only,1,0
/content/Rock_Burial_RaspberryPi_Edge_Deployment_FINAL_OPTIMIZED/04_int8_calibration_200/images/train/image_170_9a5681ea.jpg,/content/Rock_Burial_RaspberryPi_Edge_Deployment_FINAL_OPTIMIZED/04_int8_calibration_200/labels/train/image_170_9a5681ea.txt,3024,4032,6063849,class_0_only,1,0
/content/Rock_Burial_RaspberryPi_Edge_Deployment_FINAL_OPTIMIZED/04_int8_calibration_200/images/train/image_102_9fd54937.jpg,/content/Rock_Burial_RaspberryPi_Edge_Deployment_FINAL_OPTIMIZED/04_int8_calibration_200/labels/train/image_102_9fd54937.txt,3024,4032,6623733,class_0_only,1,0
/content/Rock_Burial_RaspberryPi_Edge_Deployment_FINAL_OPTIMIZED/04_int8_calibration_200/images/train/image_429_c19a3bdf.jpg,/content/Rock_Burial_RaspberryPi_Edge_Deployment_FINAL_OPTIMIZED/04_int8_calibration_200/labels/train/image_429_c19a3bdf.txt,3024,4032,8174089,class_0_only,1,0
/content/Rock_Burial_RaspberryPi_Edge_Deployment_FINAL_OPTIMIZED/04_int8_calibration_200/images/train/image_005_b8a526cd.jpg,/content/Rock_Burial_RaspberryPi_Edge_Deployment_FINAL_OPTIMIZED/04_int8_calibration_200/labels/train/image_005_b8a526cd.txt,2268,4032,3801330,class_0_only,1,0
/content/Rock_Burial_RaspberryPi_Edge_Deployment_FINAL_OPTIMIZED/04_int8_calibration_200/images/train/image_298_c9cbfd0d.jpg,/content/Rock_Burial_RaspberryPi_Edge_Deployment_FINAL_OPTIMIZED/04_int8_calibration_200/labels/train/image_298_c9cbfd0d.txt,4032,3024,5405720,class_0_only,1,0
/content/Rock_Burial_RaspberryPi_Edge_Deployment_FINAL_OPTIMIZED/04_int8_calibration_200/images/train/image_117_cd2ba11e.jpg,/content/Rock_Burial_RaspberryPi_Edge_Deployment_FINAL_OPTIMIZED/04_int8_calibration_200/labels/train/image_117_cd2ba11e.txt,3024,4032,8023602,class_0_only,1,0
/content/Rock_Burial_RaspberryPi_Edge_Deployment_FINAL_OPTIMIZED/04_int8_calibration_200/images/train/image_315_068560b1.jpg,/content/Rock_Burial_RaspberryPi_Edge_Deployment_FINAL_OPTIMIZED/04_int8_calibration_200/labels/train/image_315_068560b1.txt,3024,4032,7895297,class_0_only,1,0
/content/Rock_Burial_RaspberryPi_Edge_Deployment_FINAL_OPTIMIZED/04_int8_calibration_200/images/train/image_100_bd7d9b7b.jpg,/content/Rock_Burial_RaspberryPi_Edge_Deployment_FINAL_OPTIMIZED/04_int8_calibration_200/labels/train/image_100_bd7d9b7b.txt,3024,4032,6451601,class_0_only,1,0
/content/Rock_Burial_RaspberryPi_Edge_Deployment_FINAL_OPTIMIZED/04_int8_calibration_200/images/train/image_431_e9637963.jpg,/content/Rock_Burial_RaspberryPi_Edge_Deployment_FINAL_OPTIMIZED/04_int8_calibration_200/labels/train/image_431_e9637963.txt,3024,4032,8427710,class_0_only,1,0
/content/Rock_Burial_RaspberryPi_Edge_Deployment_FINAL_OPTIMIZED/04_int8_calibration_200/images/train/image_258_850e6dda.jpg,/content/Rock_Burial_RaspberryPi_Edge_Deployment_FINAL_OPTIMIZED/04_int8_calibration_200/labels/train/image_258_850e6dda.txt,3024,4032,5733394,class_0_only,2,0
/content/Rock_Burial_RaspberryPi_Edge_Deployment_FINAL_OPTIMIZED/04_int8_calibration_200/images/train/image_166_db6fce3c.jpg,/content/Rock_Burial_RaspberryPi_Edge_Deployment_FINAL_OPTIMIZED/04_int8_calibration_200/labels/train/image_166_db6fce3c.txt,3024,4032,6222389,class_0_only,1,0
/content/Rock_Burial_RaspberryPi_Edge_Deployment_FINAL_OPTIMIZED/04_int8_calibration_200/images/train/image_106_a0582701.jpg,/content/Rock_Burial_RaspberryPi_Edge_Deployment_FINAL_OPTIMIZED/04_int8_calibration_200/labels/train/image_106_a0582701.txt,3024,4032,5979445,class_0_only,1,0
/content/Rock_Burial_RaspberryPi_Edge_Deployment_FINAL_OPTIMIZED/04_int8_calibration_200/images/train/image_403_a86fbcb8.jpg,/content/Rock_Burial_RaspberryPi_Edge_Deployment_FINAL_OPTIMIZED/04_int8_calibration_200/labels/train/image_403_a86fbcb8.txt,3024,4032,7884577,class_0_only,1,0
/content/Rock_Burial_RaspberryPi_Edge_Deployment_FINAL_OPTIMIZED/04_int8_calibration_200/images/train/image_097_70190806.jpg,/content/Rock_Burial_RaspberryPi_Edge_Deployment_FINAL_OPTIMIZED/04_int8_calibration_200/labels/train/image_097_70190806.txt,3024,4032,6098099,class_0_only,1,0
/content/Rock_Burial_RaspberryPi_Edge_Deployment_FINAL_OPTIMIZED/04_int8_calibration_200/images/train/image_124_8b4b9207.jpg,/content/Rock_Burial_RaspberryPi_Edge_Deployment_FINAL_OPTIMIZED/04_int8_calibration_200/labels/train/image_124_8b4b9207.txt,3024,4032,6747072,class_0_only,1,0
/content/Rock_Burial_RaspberryPi_Edge_Deployment_FINAL_OPTIMIZED/04_int8_calibration_200/images/train/image_321_dacde995.jpg,/content/Rock_Burial_RaspberryPi_Edge_Deployment_FINAL_OPTIMIZED/04_int8_calibration_200/labels/train/image_321_dacde995.txt,3024,4032,8223321,class_0_only,2,0
/content/Rock_Burial_RaspberryPi_Edge_Deployment_FINAL_OPTIMIZED/04_int8_calibration_200/images/train/image_105_0779b46e.jpg,/content/Rock_Burial_RaspberryPi_Edge_Deployment_FINAL_OPTIMIZED/04_int8_calibration_200/labels/train/image_105_0779b46e.txt,3024,4032,5803705,class_0_only,1,0
/content/Rock_Burial_RaspberryPi_Edge_Deployment_FINAL_OPTIMIZED/04_int8_calibration_200/images/train/image_134_c5375c1c.jpg,/content/Rock_Burial_RaspberryPi_Edge_Deployment_FINAL_OPTIMIZED/04_int8_calibration_200/labels/train/image_134_c5375c1c.txt,3024,4032,6004360,class_0_only,1,0
/content/Rock_Burial_RaspberryPi_Edge_Deployment_FINAL_OPTIMIZED/04_int8_calibration_200/images/train/image_090_7b286e26.jpg,/content/Rock_Burial_RaspberryPi_Edge_Deployment_FINAL_OPTIMIZED/04_int8_calibration_200/labels/train/image_090_7b286e26.txt,3024,4032,6961832,class_0_only,1,0
/content/Rock_Burial_RaspberryPi_Edge_Deployment_FINAL_OPTIMIZED/04_int8_calibration_200/images/train/image_132_ea984938.jpg,/content/Rock_Burial_RaspberryPi_Edge_Deployment_FINAL_OPTIMIZED/04_int8_calibration_200/labels/train/image_132_ea984938.txt,3024,4032,6753414,class_0_only,1,0
/content/Rock_Burial_RaspberryPi_Edge_Deployment_FINAL_OPTIMIZED/04_int8_calibration_200/images/train/image_319_ae119154.jpg,/content/Rock_Burial_RaspberryPi_Edge_Deployment_FINAL_OPTIMIZED/04_int8_calibration_200/labels/train/image_319_ae119154.txt,3024,4032,8420946,class_0_only,1,0
/content/Rock_Burial_RaspberryPi_Edge_Deployment_FINAL_OPTIMIZED/04_int8_calibration_200/images/train/image_141_83c99e25.jpg,/content/Rock_Burial_RaspberryPi_Edge_Deployment_FINAL_OPTIMIZED/04_int8_calibration_200/labels/train/image_141_83c99e25.txt,3024,4032,6526551,class_0_only,1,0
/content/Rock_Burial_RaspberryPi_Edge_Deployment_FINAL_OPTIMIZED/04_int8_calibration_200/images/train/image_413_f84725e5.jpg,/content/Rock_Burial_RaspberryPi_Edge_Deployment_FINAL_OPTIMIZED/04_int8_calibration_200/labels/train/image_413_f84725e5.txt,4032,3024,7237925,class_0_only,1,0
/content/Rock_Burial_RaspberryPi_Edge_Deployment_FINAL_OPTIMIZED/04_int8_calibration_200/images/train/image_368_043c7df7.jpg,/content/Rock_Burial_RaspberryPi_Edge_Deployment_FINAL_OPTIMIZED/04_int8_calibration_200/labels/train/image_368_043c7df7.txt,3024,4032,8156334,class_0_only,1,0
/content/Rock_Burial_RaspberryPi_Edge_Deployment_FINAL_OPTIMIZED/04_int8_calibration_200/images/train/image_308_65877978.jpg,/content/Rock_Burial_RaspberryPi_Edge_Deployment_FINAL_OPTIMIZED/04_int8_calibration_200/labels/train/image_308_65877978.txt,3024,4032,8254856,class_0_only,1,0
/content/Rock_Burial_RaspberryPi_Edge_Deployment_FINAL_OPTIMIZED/04_int8_calibration_200/images/train/image_234_f838ec95.jpg,/content/Rock_Burial_RaspberryPi_Edge_Deployment_FINAL_OPTIMIZED/04_int8_calibration_200/labels/train/image_234_f838ec95.txt,3024,4032,6703587,class_0_only,1,0
/content/Rock_Burial_RaspberryPi_Edge_Deployment_FINAL_OPTIMIZED/04_int8_calibration_200/images/train/image_222_2583811f.jpg,/content/Rock_Burial_RaspberryPi_Edge_Deployment_FINAL_OPTIMIZED/04_int8_calibration_200/labels/train/image_222_2583811f.txt,3024,4032,7476816,class_0_only,1,0
/content/Rock_Burial_RaspberryPi_Edge_Deployment_FINAL_OPTIMIZED/04_int8_calibration_200/images/train/image_380_e315183e.jpg,/content/Rock_Burial_RaspberryPi_Edge_Deployment_FINAL_OPTIMIZED/04_int8_calibration_200/labels/train/image_380_e315183e.txt,3024,4032,8045308,class_0_only,1,0
/content/Rock_Burial_RaspberryPi_Edge_Deployment_FINAL_OPTIMIZED/04_int8_calibration_200/images/train/image_359_42a732a5.jpg,/content/Rock_Burial_RaspberryPi_Edge_Deployment_FINAL_OPTIMIZED/04_int8_calibration_200/labels/train/image_359_42a732a5.txt,3024,4032,8047895,class_0_only,1,0
/content/Rock_Burial_RaspberryPi_Edge_Deployment_FINAL_OPTIMIZED/04_int8_calibration_200/images/train/image_043_112cd18b.jpg,/content/Rock_Burial_RaspberryPi_Edge_Deployment_FINAL_OPTIMIZED/04_int8_calibration_200/labels/train/image_043_112cd18b.txt,2268,4032,3120914,class_0_only,1,0
/content/Rock_Burial_RaspberryPi_Edge_Deployment_FINAL_OPTIMIZED/04_int8_calibration_200/images/train/image_383_8c8032a3.jpg,/content/Rock_Burial_RaspberryPi_Edge_Deployment_FINAL_OPTIMIZED/04_int8_calibration_200/labels/train/image_383_8c8032a3.txt,3024,4032,8406490,class_0_only,1,0
/content/Rock_Burial_RaspberryPi_Edge_Deployment_FINAL_OPTIMIZED/04_int8_calibration_200/images/train/image_430_4657dd35.jpg,/content/Rock_Burial_RaspberryPi_Edge_Deployment_FINAL_OPTIMIZED/04_int8_calibration_200/labels/train/image_430_4657dd35.txt,3024,4032,8451623,class_0_only,1,0
/content/Rock_Burial_RaspberryPi_Edge_Deployment_FINAL_OPTIMIZED/04_int8_calibration_200/images/train/image_046_f5cd416c.jpg,/content/Rock_Burial_RaspberryPi_Edge_Deployment_FINAL_OPTIMIZED/04_int8_calibration_200/labels/train/image_046_f5cd416c.txt,3024,4032,3212804,class_0_only,1,0
/content/Rock_Burial_RaspberryPi_Edge_Deployment_FINAL_OPTIMIZED/04_int8_calibration_200/images/train/image_432_e696a98c.jpg,/content/Rock_Burial_RaspberryPi_Edge_Deployment_FINAL_OPTIMIZED/04_int8_calibration_200/labels/train/image_432_e696a98c.txt,3024,4032,8498611,class_0_only,1,0
/content/Rock_Burial_RaspberryPi_Edge_Deployment_FINAL_OPTIMIZED/04_int8_calibration_200/images/train/image_129_50ceed7f.jpg,/content/Rock_Burial_RaspberryPi_Edge_Deployment_FINAL_OPTIMIZED/04_int8_calibration_200/labels/train/image_129_50ceed7f.txt,3024,4032,6232197,class_0_only,1,0
/content/Rock_Burial_RaspberryPi_Edge_Deployment_FINAL_OPTIMIZED/04_int8_calibration_200/images/train/image_304_d2d51e20.jpg,/content/Rock_Burial_RaspberryPi_Edge_Deployment_FINAL_OPTIMIZED/04_int8_calibration_200/labels/train/image_304_d2d51e20.txt,3024,4032,8196026,class_0_only,1,0
/content/Rock_Burial_RaspberryPi_Edge_Deployment_FINAL_OPTIMIZED/04_int8_calibration_200/images/train/image_036_9af067d4.jpg,/content/Rock_Burial_RaspberryPi_Edge_Deployment_FINAL_OPTIMIZED/04_int8_calibration_200/labels/train/image_036_9af067d4.txt,2268,4032,3380184,class_0_only,1,0
/content/Rock_Burial_RaspberryPi_Edge_Deployment_FINAL_OPTIMIZED/04_int8_calibration_200/images/train/image_138_63d97375.jpg,/content/Rock_Burial_RaspberryPi_Edge_Deployment_FINAL_OPTIMIZED/04_int8_calibration_200/labels/train/image_138_63d97375.txt,3024,4032,6596551,class_0_only,1,0
/content/Rock_Burial_RaspberryPi_Edge_Deployment_FINAL_OPTIMIZED/04_int8_calibration_200/images/train/image_033_c4227062.jpg,/content/Rock_Burial_RaspberryPi_Edge_Deployment_FINAL_OPTIMIZED/04_int8_calibration_200/labels/train/image_033_c4227062.txt,2268,4032,3557999,class_0_only,1,0
/content/Rock_Burial_RaspberryPi_Edge_Deployment_FINAL_OPTIMIZED/04_int8_calibration_200/images/train/image_317_b40c814d.jpg,/content/Rock_Burial_RaspberryPi_Edge_Deployment_FINAL_OPTIMIZED/04_int8_calibration_200/labels/train/image_317_b40c814d.txt,3024,4032,8665699,class_0_only,1,0
/content/Rock_Burial_RaspberryPi_Edge_Deployment_FINAL_OPTIMIZED/04_int8_calibration_200/images/train/image_103_51ed9789.jpg,/content/Rock_Burial_RaspberryPi_Edge_Deployment_FINAL_OPTIMIZED/04_int8_calibration_200/labels/train/image_103_51ed9789.txt,3024,4032,6202667,class_0_only,1,0
/content/Rock_Burial_RaspberryPi_Edge_Deployment_FINAL_OPTIMIZED/04_int8_calibration_200/images/train/image_091_74e6ab6b.jpg,/content/Rock_Burial_RaspberryPi_Edge_Deployment_FINAL_OPTIMIZED/04_int8_calibration_200/labels/train/image_091_74e6ab6b.txt,4032,3024,5800887,class_0_only,1,0
/content/Rock_Burial_RaspberryPi_Edge_Deployment_FINAL_OPTIMIZED/04_int8_calibration_200/images/train/image_048_fd18904d.jpg,/content/Rock_Burial_RaspberryPi_Edge_Deployment_FINAL_OPTIMIZED/04_int8_calibration_200/labels/train/image_048_fd18904d.txt,3024,4032,3593072,class_0_only,1,0
/content/Rock_Burial_RaspberryPi_Edge_Deployment_FINAL_OPTIMIZED/04_int8_calibration_200/images/train/image_023_47e1c3d5.jpg,/content/Rock_Burial_RaspberryPi_Edge_Deployment_FINAL_OPTIMIZED/04_int8_calibration_200/labels/train/image_023_47e1c3d5.txt,2268,4032,2537824,class_0_only,1,0
/content/Rock_Burial_RaspberryPi_Edge_Deployment_FINAL_OPTIMIZED/04_int8_calibration_200/images/train/image_133_742fc8c1.jpg,/content/Rock_Burial_RaspberryPi_Edge_Deployment_FINAL_OPTIMIZED/04_int8_calibration_200/labels/train/image_133_742fc8c1.txt,3024,4032,6315929,class_0_only,1,0
/content/Rock_Burial_RaspberryPi_Edge_Deployment_FINAL_OPTIMIZED/04_int8_calibration_200/images/train/image_195_1aeb280f.jpg,/content/Rock_Burial_RaspberryPi_Edge_Deployment_FINAL_OPTIMIZED/04_int8_calibration_200/labels/train/image_195_1aeb280f.txt,3024,4032,7162562,class_0_only,1,0
/content/Rock_Burial_RaspberryPi_Edge_Deployment_FINAL_OPTIMIZED/04_int8_calibration_200/images/train/image_379_5b221534.jpg,/content/Rock_Burial_RaspberryPi_Edge_Deployment_FINAL_OPTIMIZED/04_int8_calibration_200/labels/train/image_379_5b221534.txt,3024,4032,8169527,class_0_only,1,0
/content/Rock_Burial_RaspberryPi_Edge_Deployment_FINAL_OPTIMIZED/04_int8_calibration_200/images/train/image_146_19c31f1c.jpg,/content/Rock_Burial_RaspberryPi_Edge_Deployment_FINAL_OPTIMIZED/04_int8_calibration_200/labels/train/image_146_19c31f1c.txt,2268,4032,4209647,class_0_only,1,0
/content/Rock_Burial_RaspberryPi_Edge_Deployment_FINAL_OPTIMIZED/04_int8_calibration_200/images/train/image_354_107ea080.jpg,/content/Rock_Burial_RaspberryPi_Edge_Deployment_FINAL_OPTIMIZED/04_int8_calibration_200/labels/train/image_354_107ea080.txt,3024,4032,8307685,class_0_only,1,0
/content/Rock_Burial_RaspberryPi_Edge_Deployment_FINAL_OPTIMIZED/04_int8_calibration_200/images/train/image_242_daa2a4bf.jpg,/content/Rock_Burial_RaspberryPi_Edge_Deployment_FINAL_OPTIMIZED/04_int8_calibration_200/labels/train/image_242_daa2a4bf.txt,3024,4032,7128233,class_0_only,1,0
/content/Rock_Burial_RaspberryPi_Edge_Deployment_FINAL_OPTIMIZED/04_int8_calibration_200/images/train/image_016_b52c9343.jpg,/content/Rock_Burial_RaspberryPi_Edge_Deployment_FINAL_OPTIMIZED/04_int8_calibration_200/labels/train/image_016_b52c9343.txt,2268,4032,3437832,class_0_only,1,0
/content/Rock_Burial_RaspberryPi_Edge_Deployment_FINAL_OPTIMIZED/04_int8_calibration_200/images/train/image_223_0429940c.jpg,/content/Rock_Burial_RaspberryPi_Edge_Deployment_FINAL_OPTIMIZED/04_int8_calibration_200/labels/train/image_223_0429940c.txt,3024,4032,7329235,class_0_only,1,0
/content/Rock_Burial_RaspberryPi_Edge_Deployment_FINAL_OPTIMIZED/04_int8_calibration_200/images/train/image_369_d1065660.jpg,/content/Rock_Burial_RaspberryPi_Edge_Deployment_FINAL_OPTIMIZED/04_int8_calibration_200/labels/train/image_369_d1065660.txt,3024,4032,8040734,class_0_only,1,0
/content/Rock_Burial_RaspberryPi_Edge_Deployment_FINAL_OPTIMIZED/04_int8_calibration_200/images/train/image_377_3ab47d25.jpg,/content/Rock_Burial_RaspberryPi_Edge_Deployment_FINAL_OPTIMIZED/04_int8_calibration_200/labels/train/image_377_3ab47d25.txt,3024,4032,8064339,class_0_only,1,0
/content/Rock_Burial_RaspberryPi_Edge_Deployment_FINAL_OPTIMIZED/04_int8_calibration_200/images/train/image_017_feec6ab3.jpg,/content/Rock_Burial_RaspberryPi_Edge_Deployment_FINAL_OPTIMIZED/04_int8_calibration_200/labels/train/image_017_feec6ab3.txt,2268,4032,3128255,class_0_only,1,0
/content/Rock_Burial_RaspberryPi_Edge_Deployment_FINAL_OPTIMIZED/04_int8_calibration_200/images/train/image_007_deeef951.jpg,/content/Rock_Burial_RaspberryPi_Edge_Deployment_FINAL_OPTIMIZED/04_int8_calibration_200/labels/train/image_007_deeef951.txt,2268,4032,3581113,class_0_only,1,0
/content/Rock_Burial_RaspberryPi_Edge_Deployment_FINAL_OPTIMIZED/04_int8_calibration_200/images/train/image_095_ca36ed8e.jpg,/content/Rock_Burial_RaspberryPi_Edge_Deployment_FINAL_OPTIMIZED/04_int8_calibration_200/labels/train/image_095_ca36ed8e.txt,3024,4032,7355314,class_0_only,1,0
/content/Rock_Burial_RaspberryPi_Edge_Deployment_FINAL_OPTIMIZED/04_int8_calibration_200/images/train/image_047_ad93aa5b.jpg,/content/Rock_Burial_RaspberryPi_Edge_Deployment_FINAL_OPTIMIZED/04_int8_calibration_200/labels/train/image_047_ad93aa5b.txt,3024,4032,3967556,class_0_only,1,0
/content/Rock_Burial_RaspberryPi_Edge_Deployment_FINAL_OPTIMIZED/04_int8_calibration_200/images/train/image_207_fcb99ac3.jpg,/content/Rock_Burial_RaspberryPi_Edge_Deployment_FINAL_OPTIMIZED/04_int8_calibration_200/labels/train/image_207_fcb99ac3.txt,3024,4032,7567396,class_0_only,1,0
/content/Rock_Burial_RaspberryPi_Edge_Deployment_FINAL_OPTIMIZED/04_int8_calibration_200/images/train/image_168_05bf9319.jpg,/content/Rock_Burial_RaspberryPi_Edge_Deployment_FINAL_OPTIMIZED/04_int8_calibration_200/labels/train/image_168_05bf9319.txt,3024,4032,6832521,class_0_only,1,0
/content/Rock_Burial_RaspberryPi_Edge_Deployment_FINAL_OPTIMIZED/04_int8_calibration_200/images/train/image_219_7583342b.jpg,/content/Rock_Burial_RaspberryPi_Edge_Deployment_FINAL_OPTIMIZED/04_int8_calibration_200/labels/train/image_219_7583342b.txt,3024,4032,6112114,class_0_only,1,0
/content/Rock_Burial_RaspberryPi_Edge_Deployment_FINAL_OPTIMIZED/04_int8_calibration_200/images/train/image_034_facb2795.jpg,/content/Rock_Burial_RaspberryPi_Edge_Deployment_FINAL_OPTIMIZED/04_int8_calibration_200/labels/train/image_034_facb2795.txt,2268,4032,3483680,class_0_only,1,0
/content/Rock_Burial_RaspberryPi_Edge_Deployment_FINAL_OPTIMIZED/04_int8_calibration_200/images/train/image_186_acaa8762.jpg,/content/Rock_Burial_RaspberryPi_Edge_Deployment_FINAL_OPTIMIZED/04_int8_calibration_200/labels/train/image_186_acaa8762.txt,3024,4032,6202568,class_0_only,1,0
/content/Rock_Burial_RaspberryPi_Edge_Deployment_FINAL_OPTIMIZED/04_int8_calibration_200/images/train/image_358_6ed2eac9.jpg,/content/Rock_Burial_RaspberryPi_Edge_Deployment_FINAL_OPTIMIZED/04_int8_calibration_200/labels/train/image_358_6ed2eac9.txt,3024,4032,8540402,class_1_only,0,1
/content/Rock_Burial_RaspberryPi_Edge_Deployment_FINAL_OPTIMIZED/04_int8_calibration_200/images/train/image_292_22813596.jpg,/content/Rock_Burial_RaspberryPi_Edge_Deployment_FINAL_OPTIMIZED/04_int8_calibration_200/labels/train/image_292_22813596.txt,4032,3024,5423368,class_1_only,0,6
/content/Rock_Burial_RaspberryPi_Edge_Deployment_FINAL_OPTIMIZED/04_int8_calibration_200/images/train/image_311_85eaff7d.jpg,/content/Rock_Burial_RaspberryPi_Edge_Deployment_FINAL_OPTIMIZED/04_int8_calibration_200/labels/train/image_311_85eaff7d.txt,3024,4032,7829390,class_1_only,0,1
/content/Rock_Burial_RaspberryPi_Edge_Deployment_FINAL_OPTIMIZED/04_int8_calibration_200/images/train/image_277_e8264084.jpg,/content/Rock_Burial_RaspberryPi_Edge_Deployment_FINAL_OPTIMIZED/04_int8_calibration_200/labels/train/image_277_e8264084.txt,4032,3024,5504700,class_1_only,0,3
/content/Rock_Burial_RaspberryPi_Edge_Deployment_FINAL_OPTIMIZED/04_int8_calibration_200/images/train/image_418_96232dba.jpg,/content/Rock_Burial_RaspberryPi_Edge_Deployment_FINAL_OPTIMIZED/04_int8_calibration_200/labels/train/image_418_96232dba.txt,3024,4032,7851178,class_1_only,0,1
/content/Rock_Burial_RaspberryPi_Edge_Deployment_FINAL_OPTIMIZED/04_int8_calibration_200/images/train/image_386_8b18c02e.jpg,/content/Rock_Burial_RaspberryPi_Edge_Deployment_FINAL_OPTIMIZED/04_int8_calibration_200/labels/train/image_386_8b18c02e.txt,3024,4032,8129171,class_1_only,0,1
/content/Rock_Burial_RaspberryPi_Edge_Deployment_FINAL_OPTIMIZED/04_int8_calibration_200/images/train/image_446_7144e4eb.jpg,/content/Rock_Burial_RaspberryPi_Edge_Deployment_FINAL_OPTIMIZED/04_int8_calibration_200/labels/train/image_446_7144e4eb.txt,4032,3024,8373084,class_1_only,0,1
/content/Rock_Burial_RaspberryPi_Edge_Deployment_FINAL_OPTIMIZED/04_int8_calibration_200/images/train/image_159_ecda6df0.jpg,/content/Rock_Burial_RaspberryPi_Edge_Deployment_FINAL_OPTIMIZED/04_int8_calibration_200/labels/train/image_159_ecda6df0.txt,2268,4032,5032647,class_1_only,0,1
/content/Rock_Burial_RaspberryPi_Edge_Deployment_FINAL_OPTIMIZED/04_int8_calibration_200/images/train/image_442_ae5145d2.jpg,/content/Rock_Burial_RaspberryPi_Edge_Deployment_FINAL_OPTIMIZED/04_int8_calibration_200/labels/train/image_442_ae5145d2.txt,3024,4032,8133635,class_1_only,0,1
/content/Rock_Burial_RaspberryPi_Edge_Deployment_FINAL_OPTIMIZED/04_int8_calibration_200/images/train/image_156_d06bb540.jpg,/content/Rock_Burial_RaspberryPi_Edge_Deployment_FINAL_OPTIMIZED/04_int8_calibration_200/labels/train/image_156_d06bb540.txt,2268,4032,4884659,class_1_only,0,1
/content/Rock_Burial_RaspberryPi_Edge_Deployment_FINAL_OPTIMIZED/04_int8_calibration_200/images/train/image_345_25ada77f.jpg,/content/Rock_Burial_RaspberryPi_Edge_Deployment_FINAL_OPTIMIZED/04_int8_calibration_200/labels/train/image_345_25ada77f.txt,3024,4032,8079769,class_1_only,0,1
/content/Rock_Burial_RaspberryPi_Edge_Deployment_FINAL_OPTIMIZED/04_int8_calibration_200/images/train/image_164_de13827c.jpg,/content/Rock_Burial_RaspberryPi_Edge_Deployment_FINAL_OPTIMIZED/04_int8_calibration_200/labels/train/image_164_de13827c.txt,2268,4032,4900433,class_1_only,0,1
/content/Rock_Burial_RaspberryPi_Edge_Deployment_FINAL_OPTIMIZED/04_int8_calibration_200/images/train/image_325_fd51c831.jpg,/content/Rock_Burial_RaspberryPi_Edge_Deployment_FINAL_OPTIMIZED/04_int8_calibration_200/labels/train/image_325_fd51c831.txt,3024,4032,8241189,class_1_only,0,1
/content/Rock_Burial_RaspberryPi_Edge_Deployment_FINAL_OPTIMIZED/04_int8_calibration_200/images/train/image_384_1f06fc97.jpg,/content/Rock_Burial_RaspberryPi_Edge_Deployment_FINAL_OPTIMIZED/04_int8_calibration_200/labels/train/image_384_1f06fc97.txt,3024,4032,8005004,class_1_only,0,1
/content/Rock_Burial_RaspberryPi_Edge_Deployment_FINAL_OPTIMIZED/04_int8_calibration_200/images/train/image_362_1d5d7a4d.jpg,/content/Rock_Burial_RaspberryPi_Edge_Deployment_FINAL_OPTIMIZED/04_int8_calibration_200/labels/train/image_362_1d5d7a4d.txt,3024,4032,8258956,class_1_only,0,1
/content/Rock_Burial_RaspberryPi_Edge_Deployment_FINAL_OPTIMIZED/04_int8_calibration_200/images/train/image_346_04ef5e8b.jpg,/content/Rock_Burial_RaspberryPi_Edge_Deployment_FINAL_OPTIMIZED/04_int8_calibration_200/labels/train/image_346_04ef5e8b.txt,3024,4032,8365174,class_1_only,0,1
/content/Rock_Burial_RaspberryPi_Edge_Deployment_FINAL_OPTIMIZED/04_int8_calibration_200/images/train/image_284_7150ec65.jpg,/content/Rock_Burial_RaspberryPi_Edge_Deployment_FINAL_OPTIMIZED/04_int8_calibration_200/labels/train/image_284_7150ec65.txt,4032,3024,7025118,class_1_only,0,11
/content/Rock_Burial_RaspberryPi_Edge_Deployment_FINAL_OPTIMIZED/04_int8_calibration_200/images/train/image_161_6c5c829e.jpg,/content/Rock_Burial_RaspberryPi_Edge_Deployment_FINAL_OPTIMIZED/04_int8_calibration_200/labels/train/image_161_6c5c829e.txt,2268,4032,5298081,class_1_only,0,1
/content/Rock_Burial_RaspberryPi_Edge_Deployment_FINAL_OPTIMIZED/04_int8_calibration_200/images/train/image_273_ca5da464.jpg,/content/Rock_Burial_RaspberryPi_Edge_Deployment_FINAL_OPTIMIZED/04_int8_calibration_200/labels/train/image_273_ca5da464.txt,4032,3024,5497108,class_1_only,0,6
/content/Rock_Burial_RaspberryPi_Edge_Deployment_FINAL_OPTIMIZED/04_int8_calibration_200/images/train/image_323_67151d6f.jpg,/content/Rock_Burial_RaspberryPi_Edge_Deployment_FINAL_OPTIMIZED/04_int8_calibration_200/labels/train/image_323_67151d6f.txt,3024,4032,8251413,class_1_only,0,1
/content/Rock_Burial_RaspberryPi_Edge_Deployment_FINAL_OPTIMIZED/04_int8_calibration_200/images/train/image_296_1dbe3fea.jpg,/content/Rock_Burial_RaspberryPi_Edge_Deployment_FINAL_OPTIMIZED/04_int8_calibration_200/labels/train/image_296_1dbe3fea.txt,4032,3024,6411933,class_1_only,0,1
/content/Rock_Burial_RaspberryPi_Edge_Deployment_FINAL_OPTIMIZED/04_int8_calibration_200/images/train/image_419_7480e1cb.jpg,/content/Rock_Burial_RaspberryPi_Edge_Deployment_FINAL_OPTIMIZED/04_int8_calibration_200/labels/train/image_419_7480e1cb.txt,3024,4032,8255506,class_1_only,0,1
/content/Rock_Burial_RaspberryPi_Edge_Deployment_FINAL_OPTIMIZED/04_int8_calibration_200/images/train/image_302_c212215a.jpg,/content/Rock_Burial_RaspberryPi_Edge_Deployment_FINAL_OPTIMIZED/04_int8_calibration_200/labels/train/image_302_c212215a.txt,4032,3024,6609278,class_1_only,0,2
/content/Rock_Burial_RaspberryPi_Edge_Deployment_FINAL_OPTIMIZED/04_int8_calibration_200/images/train/image_272_168a5ac1.jpg,/content/Rock_Burial_RaspberryPi_Edge_Deployment_FINAL_OPTIMIZED/04_int8_calibration_200/labels/train/image_272_168a5ac1.txt,4032,3024,6001109,class_1_only,0,6
/content/Rock_Burial_RaspberryPi_Edge_Deployment_FINAL_OPTIMIZED/04_int8_calibration_200/images/train/image_157_f32e49e2.jpg,/content/Rock_Burial_RaspberryPi_Edge_Deployment_FINAL_OPTIMIZED/04_int8_calibration_200/labels/train/image_157_f32e49e2.txt,2268,4032,4145432,class_1_only,0,1
/content/Rock_Burial_RaspberryPi_Edge_Deployment_FINAL_OPTIMIZED/04_int8_calibration_200/images/train/image_408_06cc3fd7.jpg,/content/Rock_Burial_RaspberryPi_Edge_Deployment_FINAL_OPTIMIZED/04_int8_calibration_200/labels/train/image_408_06cc3fd7.txt,3024,4032,8417066,class_1_only,0,1
/content/Rock_Burial_RaspberryPi_Edge_Deployment_FINAL_OPTIMIZED/04_int8_calibration_200/images/train/image_291_352b73c7.jpg,/content/Rock_Burial_RaspberryPi_Edge_Deployment_FINAL_OPTIMIZED/04_int8_calibration_200/labels/train/image_291_352b73c7.txt,4032,3024,5788976,class_1_only,0,6
/content/Rock_Burial_RaspberryPi_Edge_Deployment_FINAL_OPTIMIZED/04_int8_calibration_200/images/train/image_422_33edf560.jpg,/content/Rock_Burial_RaspberryPi_Edge_Deployment_FINAL_OPTIMIZED/04_int8_calibration_200/labels/train/image_422_33edf560.txt,3024,4032,8344825,class_1_only,0,1
/content/Rock_Burial_RaspberryPi_Edge_Deployment_FINAL_OPTIMIZED/04_int8_calibration_200/images/train/image_324_2c978cee.jpg,/content/Rock_Burial_RaspberryPi_Edge_Deployment_FINAL_OPTIMIZED/04_int8_calibration_200/labels/train/image_324_2c978cee.txt,3024,4032,8047293,class_1_only,0,1
/content/Rock_Burial_RaspberryPi_Edge_Deployment_FINAL_OPTIMIZED/04_int8_calibration_200/images/train/image_435_8dcee945.jpg,/content/Rock_Burial_RaspberryPi_Edge_Deployment_FINAL_OPTIMIZED/04_int8_calibration_200/labels/train/image_435_8dcee945.txt,3024,4032,8363887,class_1_only,0,1
/content/Rock_Burial_RaspberryPi_Edge_Deployment_FINAL_OPTIMIZED/04_int8_calibration_200/images/train/image_274_b0a8c9bc.jpg,/content/Rock_Burial_RaspberryPi_Edge_Deployment_FINAL_OPTIMIZED/04_int8_calibration_200/labels/train/image_274_b0a8c9bc.txt,4032,3024,5670515,class_1_only,0,4
/content/Rock_Burial_RaspberryPi_Edge_Deployment_FINAL_OPTIMIZED/04_int8_calibration_200/images/train/image_330_bad0dd6f.jpg,/content/Rock_Burial_RaspberryPi_Edge_Deployment_FINAL_OPTIMIZED/04_int8_calibration_200/labels/train/image_330_bad0dd6f.txt,3024,4032,8311636,class_1_only,0,1
/content/Rock_Burial_RaspberryPi_Edge_Deployment_FINAL_OPTIMIZED/04_int8_calibration_200/images/train/image_423_fd393562.jpg,/content/Rock_Burial_RaspberryPi_Edge_Deployment_FINAL_OPTIMIZED/04_int8_calibration_200/labels/train/image_423_fd393562.txt,3024,4032,8227733,class_1_only,0,1
/content/Rock_Burial_RaspberryPi_Edge_Deployment_FINAL_OPTIMIZED/04_int8_calibration_200/images/train/image_148_2524270e.jpg,/content/Rock_Burial_RaspberryPi_Edge_Deployment_FINAL_OPTIMIZED/04_int8_calibration_200/labels/train/image_148_2524270e.txt,2268,4032,4770158,class_1_only,0,1
/content/Rock_Burial_RaspberryPi_Edge_Deployment_FINAL_OPTIMIZED/04_int8_calibration_200/images/train/image_282_e6584b32.jpg,/content/Rock_Burial_RaspberryPi_Edge_Deployment_FINAL_OPTIMIZED/04_int8_calibration_200/labels/train/image_282_e6584b32.txt,4032,3024,6920741,class_1_only,0,7
/content/Rock_Burial_RaspberryPi_Edge_Deployment_FINAL_OPTIMIZED/04_int8_calibration_200/images/train/image_264_438f2342.jpg,/content/Rock_Burial_RaspberryPi_Edge_Deployment_FINAL_OPTIMIZED/04_int8_calibration_200/labels/train/image_264_438f2342.txt,4032,3024,6036026,class_1_only,0,5
/content/Rock_Burial_RaspberryPi_Edge_Deployment_FINAL_OPTIMIZED/04_int8_calibration_200/images/train/image_406_5ad796d0.jpg,/content/Rock_Burial_RaspberryPi_Edge_Deployment_FINAL_OPTIMIZED/04_int8_calibration_200/labels/train/image_406_5ad796d0.txt,3024,4032,8374635,class_1_only,0,1
/content/Rock_Burial_RaspberryPi_Edge_Deployment_FINAL_OPTIMIZED/04_int8_calibration_200/images/train/image_371_85e07570.jpg,/content/Rock_Burial_RaspberryPi_Edge_Deployment_FINAL_OPTIMIZED/04_int8_calibration_200/labels/train/image_371_85e07570.txt,3024,4032,8332483,class_1_only,0,1
/content/Rock_Burial_RaspberryPi_Edge_Deployment_FINAL_OPTIMIZED/04_int8_calibration_200/images/train/image_444_f5a1cdcf.jpg,/content/Rock_Burial_RaspberryPi_Edge_Deployment_FINAL_OPTIMIZED/04_int8_calibration_200/labels/train/image_444_f5a1cdcf.txt,4032,3024,6561416,class_1_only,0,1
/content/Rock_Burial_RaspberryPi_Edge_Deployment_FINAL_OPTIMIZED/04_int8_calibration_200/images/train/image_312_cf81de7d.jpg,/content/Rock_Burial_RaspberryPi_Edge_Deployment_FINAL_OPTIMIZED/04_int8_calibration_200/labels/train/image_312_cf81de7d.txt,3024,4032,8254343,class_1_only,0,1
/content/Rock_Burial_RaspberryPi_Edge_Deployment_FINAL_OPTIMIZED/04_int8_calibration_200/images/train/image_343_ea3e296e.jpg,/content/Rock_Burial_RaspberryPi_Edge_Deployment_FINAL_OPTIMIZED/04_int8_calibration_200/labels/train/image_343_ea3e296e.txt,3024,4032,8198873,class_1_only,0,1
/content/Rock_Burial_RaspberryPi_Edge_Deployment_FINAL_OPTIMIZED/04_int8_calibration_200/images/train/image_390_7781bc23.jpg,/content/Rock_Burial_RaspberryPi_Edge_Deployment_FINAL_OPTIMIZED/04_int8_calibration_200/labels/train/image_390_7781bc23.txt,3024,4032,8149297,class_1_only,0,1
/content/Rock_Burial_RaspberryPi_Edge_Deployment_FINAL_OPTIMIZED/04_int8_calibration_200/images/train/image_287_57427106.jpg,/content/Rock_Burial_RaspberryPi_Edge_Deployment_FINAL_OPTIMIZED/04_int8_calibration_200/labels/train/image_287_57427106.txt,4032,3024,5601658,class_1_only,0,8
/content/Rock_Burial_RaspberryPi_Edge_Deployment_FINAL_OPTIMIZED/04_int8_calibration_200/images/train/image_326_8c111d90.jpg,/content/Rock_Burial_RaspberryPi_Edge_Deployment_FINAL_OPTIMIZED/04_int8_calibration_200/labels/train/image_326_8c111d90.txt,3024,4032,8100309,class_1_only,0,1
/content/Rock_Burial_RaspberryPi_Edge_Deployment_FINAL_OPTIMIZED/04_int8_calibration_200/images/train/image_152_feeed67d.jpg,/content/Rock_Burial_RaspberryPi_Edge_Deployment_FINAL_OPTIMIZED/04_int8_calibration_200/labels/train/image_152_feeed67d.txt,2268,4032,4933703,class_1_only,0,1
/content/Rock_Burial_RaspberryPi_Edge_Deployment_FINAL_OPTIMIZED/04_int8_calibration_200/images/train/image_449_4a747536.jpg,/content/Rock_Burial_RaspberryPi_Edge_Deployment_FINAL_OPTIMIZED/04_int8_calibration_200/labels/train/image_449_4a747536.txt,4032,3024,7347692,class_1_only,0,1
/content/Rock_Burial_RaspberryPi_Edge_Deployment_FINAL_OPTIMIZED/04_int8_calibration_200/images/train/image_290_82e95a5e.jpg,/content/Rock_Burial_RaspberryPi_Edge_Deployment_FINAL_OPTIMIZED/04_int8_calibration_200/labels/train/image_290_82e95a5e.txt,4032,3024,7285029,class_1_only,0,2
/content/Rock_Burial_RaspberryPi_Edge_Deployment_FINAL_OPTIMIZED/04_int8_calibration_200/images/train/image_328_5dfc7370.jpg,/content/Rock_Burial_RaspberryPi_Edge_Deployment_FINAL_OPTIMIZED/04_int8_calibration_200/labels/train/image_328_5dfc7370.txt,3024,4032,8288574,class_1_only,0,1
/content/Rock_Burial_RaspberryPi_Edge_Deployment_FINAL_OPTIMIZED/04_int8_calibration_200/images/train/image_344_4a3af00c.jpg,/content/Rock_Burial_RaspberryPi_Edge_Deployment_FINAL_OPTIMIZED/04_int8_calibration_200/labels/train/image_344_4a3af00c.txt,3024,4032,8197817,class_1_only,0,1
/content/Rock_Burial_RaspberryPi_Edge_Deployment_FINAL_OPTIMIZED/04_int8_calibration_200/images/train/image_150_07340994.jpg,/content/Rock_Burial_RaspberryPi_Edge_Deployment_FINAL_OPTIMIZED/04_int8_calibration_200/labels/train/image_150_07340994.txt,2268,4032,4921891,class_1_only,0,1
/content/Rock_Burial_RaspberryPi_Edge_Deployment_FINAL_OPTIMIZED/04_int8_calibration_200/images/train/image_288_96619254.jpg,/content/Rock_Burial_RaspberryPi_Edge_Deployment_FINAL_OPTIMIZED/04_int8_calibration_200/labels/train/image_288_96619254.txt,4032,3024,6866723,class_1_only,0,5
/content/Rock_Burial_RaspberryPi_Edge_Deployment_FINAL_OPTIMIZED/04_int8_calibration_200/images/train/image_355_3086ed73.jpg,/content/Rock_Burial_RaspberryPi_Edge_Deployment_FINAL_OPTIMIZED/04_int8_calibration_200/labels/train/image_355_3086ed73.txt,3024,4032,8298948,class_1_only,0,1
/content/Rock_Burial_RaspberryPi_Edge_Deployment_FINAL_OPTIMIZED/04_int8_calibration_200/images/train/image_347_7bfff063.jpg,/content/Rock_Burial_RaspberryPi_Edge_Deployment_FINAL_OPTIMIZED/04_int8_calibration_200/labels/train/image_347_7bfff063.txt,3024,4032,7684703,class_1_only,0,1
/content/Rock_Burial_RaspberryPi_Edge_Deployment_FINAL_OPTIMIZED/04_int8_calibration_200/images/train/image_158_7b308027.jpg,/content/Rock_Burial_RaspberryPi_Edge_Deployment_FINAL_OPTIMIZED/04_int8_calibration_200/labels/train/image_158_7b308027.txt,2268,4032,4910940,class_1_only,0,1
/content/Rock_Burial_RaspberryPi_Edge_Deployment_FINAL_OPTIMIZED/04_int8_calibration_200/images/train/image_295_37c2ff9d.jpg,/content/Rock_Burial_RaspberryPi_Edge_Deployment_FINAL_OPTIMIZED/04_int8_calibration_200/labels/train/image_295_37c2ff9d.txt,4032,3024,5560964,mixed,1,5
/content/Rock_Burial_RaspberryPi_Edge_Deployment_FINAL_OPTIMIZED/04_int8_calibration_200/images/train/image_245_46382e46.jpg,/content/Rock_Burial_RaspberryPi_Edge_Deployment_FINAL_OPTIMIZED/04_int8_calibration_200/labels/train/image_245_46382e46.txt,3024,4032,6052563,mixed,1,1
/content/Rock_Burial_RaspberryPi_Edge_Deployment_FINAL_OPTIMIZED/04_int8_calibration_200/images/train/image_190_7dc09cf5.jpg,/content/Rock_Burial_RaspberryPi_Edge_Deployment_FINAL_OPTIMIZED/04_int8_calibration_200/labels/train/image_190_7dc09cf5.txt,3024,4032,6455917,mixed,1,1
/content/Rock_Burial_RaspberryPi_Edge_Deployment_FINAL_OPTIMIZED/04_int8_calibration_200/images/train/image_293_885e9439.jpg,/content/Rock_Burial_RaspberryPi_Edge_Deployment_FINAL_OPTIMIZED/04_int8_calibration_200/labels/train/image_293_885e9439.txt,4032,3024,5635248,mixed,2,2
/content/Rock_Burial_RaspberryPi_Edge_Deployment_FINAL_OPTIMIZED/04_int8_calibration_200/images/train/image_165_f03d5854.jpg,/content/Rock_Burial_RaspberryPi_Edge_Deployment_FINAL_OPTIMIZED/04_int8_calibration_200/labels/train/image_165_f03d5854.txt,3024,4032,6330494,mixed,1,1
/content/Rock_Burial_RaspberryPi_Edge_Deployment_FINAL_OPTIMIZED/04_int8_calibration_200/images/train/image_198_058a20ab.jpg,/content/Rock_Burial_RaspberryPi_Edge_Deployment_FINAL_OPTIMIZED/04_int8_calibration_200/labels/train/image_198_058a20ab.txt,3024,4032,6645890,mixed,1,1
/content/Rock_Burial_RaspberryPi_Edge_Deployment_FINAL_OPTIMIZED/04_int8_calibration_200/images/train/image_214_2697e3e5.jpg,/content/Rock_Burial_RaspberryPi_Edge_Deployment_FINAL_OPTIMIZED/04_int8_calibration_200/labels/train/image_214_2697e3e5.txt,3024,4032,5929698,mixed,1,1
/content/Rock_Burial_RaspberryPi_Edge_Deployment_FINAL_OPTIMIZED/04_int8_calibration_200/images/train/image_199_628b0f90.jpg,/content/Rock_Burial_RaspberryPi_Edge_Deployment_FINAL_OPTIMIZED/04_int8_calibration_200/labels/train/image_199_628b0f90.txt,3024,4032,5309104,mixed,1,3
/content/Rock_Burial_RaspberryPi_Edge_Deployment_FINAL_OPTIMIZED/04_int8_calibration_200/images/train/image_175_cc2c3bfe.jpg,/content/Rock_Burial_RaspberryPi_Edge_Deployment_FINAL_OPTIMIZED/04_int8_calibration_200/labels/train/image_175_cc2c3bfe.txt,3024,4032,7387000,mixed,1,3
/content/Rock_Burial_RaspberryPi_Edge_Deployment_FINAL_OPTIMIZED/04_int8_calibration_200/images/train/image_193_0ffb5126.jpg,/content/Rock_Burial_RaspberryPi_Edge_Deployment_FINAL_OPTIMIZED/04_int8_calibration_200/labels/train/image_193_0ffb5126.txt,3024,4032,6264101,mixed,1,2
/content/Rock_Burial_RaspberryPi_Edge_Deployment_FINAL_OPTIMIZED/04_int8_calibration_200/images/train/image_300_f722d477.jpg,/content/Rock_Burial_RaspberryPi_Edge_Deployment_FINAL_OPTIMIZED/04_int8_calibration_200/labels/train/image_300_f722d477.txt,4032,3024,6580528,mixed,1,3
/content/Rock_Burial_RaspberryPi_Edge_Deployment_FINAL_OPTIMIZED/04_int8_calibration_200/images/train/image_259_5e8a8971.jpg,/content/Rock_Burial_RaspberryPi_Edge_Deployment_FINAL_OPTIMIZED/04_int8_calibration_200/labels/train/image_259_5e8a8971.txt,3024,4032,5312827,mixed,1,1
/content/Rock_Burial_RaspberryPi_Edge_Deployment_FINAL_OPTIMIZED/04_int8_calibration_200/images/train/image_187_2da96ae2.jpg,/content/Rock_Burial_RaspberryPi_Edge_Deployment_FINAL_OPTIMIZED/04_int8_calibration_200/labels/train/image_187_2da96ae2.txt,3024,4032,7485112,mixed,1,4
/content/Rock_Burial_RaspberryPi_Edge_Deployment_FINAL_OPTIMIZED/04_int8_calibration_200/images/train/image_261_8f111c38.jpg,/content/Rock_Burial_RaspberryPi_Edge_Deployment_FINAL_OPTIMIZED/04_int8_calibration_200/labels/train/image_261_8f111c38.txt,3024,4032,5513218,mixed,1,2
/content/Rock_Burial_RaspberryPi_Edge_Deployment_FINAL_OPTIMIZED/04_int8_calibration_200/images/train/image_197_9ee1eb12.jpg,/content/Rock_Burial_RaspberryPi_Edge_Deployment_FINAL_OPTIMIZED/04_int8_calibration_200/labels/train/image_197_9ee1eb12.txt,3024,4032,6770952,mixed,1,1
/content/Rock_Burial_RaspberryPi_Edge_Deployment_FINAL_OPTIMIZED/04_int8_calibration_200/images/train/image_228_7f2cc365.jpg,/content/Rock_Burial_RaspberryPi_Edge_Deployment_FINAL_OPTIMIZED/04_int8_calibration_200/labels/train/image_228_7f2cc365.txt,3024,4032,5253367,mixed,1,1
/content/Rock_Burial_RaspberryPi_Edge_Deployment_FINAL_OPTIMIZED/04_int8_calibration_200/images/train/image_066_448658be.jpg,/content/Rock_Burial_RaspberryPi_Edge_Deployment_FINAL_OPTIMIZED/04_int8_calibration_200/labels/train/image_066_448658be.txt,3024,4032,6935422,mixed,1,1
/content/Rock_Burial_RaspberryPi_Edge_Deployment_FINAL_OPTIMIZED/04_int8_calibration_200/images/train/image_051_3c792250.jpg,/content/Rock_Burial_RaspberryPi_Edge_Deployment_FINAL_OPTIMIZED/04_int8_calibration_200/labels/train/image_051_3c792250.txt,2268,4032,5030103,mixed,3,6
/content/Rock_Burial_RaspberryPi_Edge_Deployment_FINAL_OPTIMIZED/04_int8_calibration_200/images/train/image_246_1c89e97d.jpg,/content/Rock_Burial_RaspberryPi_Edge_Deployment_FINAL_OPTIMIZED/04_int8_calibration_200/labels/train/image_246_1c89e97d.txt,3024,4032,5764142,mixed,1,1
